["bitencourt2010relating.pdf", "Relating winds along the Southern Brazilian coast to extratropical cyclones", "El estudio tiene como objetivo identificar las ubicaciones favorecidas y los procesos mediante los cuales los vientos costeros en el sur de Brasil se asocian con ciclones extratropicales en el Océano Atlántico Sudoccidental. Para ello, analiza la relación estadística entre la velocidad del viento observada en nueve estaciones meteorológicas y la intensidad (profundidad) y posición (distancia a la costa) de los ciclones. La investigación busca cuantificar cómo y dónde estos sistemas influyen en las magnitudes del viento a lo largo de la costa brasileña.", "El trabajo aborda la falta de estudios que asocien directamente los vientos observados en la costa del sur de Brasil con la ocurrencia de ciclones en la superficie. Específicamente, identifica qué regiones costeras son estadísticamente influenciadas por los ciclones y determina la distancia desde la costa hasta la cual se siente dicha influencia. También integra el papel de la altitud y la topografía local en la modificación de esta relación viento-ciclón.", "El estudio no analiza el efecto de la tasa de profundización del sistema (hPa por hora) en la magnitud del viento, limitándose a la profundidad absoluta en horas sinópticas. Tampoco aborda la evolución temporal del ciclo de vida de los ciclones ni segmenta los resultados por fases dinámicas específicas como la intensificación o la madurez. Además, deja abierta la comprensión de las asociaciones al norte de los 28 grados sur debido a la falta de significancia estadística en los datos analizados.", "Sí, este artículo aporta evidencia cuantitativa sobre la relación entre la intensidad del ciclón (profundidad) y la magnitud de las ráfagas de viento en superficie. Los datos muestran que los vientos máximos son causados por ciclones con profundidades entre 9 y 16 hPa situados a distancias de entre 300 y 850 km de las estaciones. El estudio establece coeficientes de correlación significativos de hasta 0.492 para estaciones como Rio Grande en intervalos de 601 a 900 km. Proporciona un marco para entender cómo la profundidad del ciclón afecta más al viento que la distancia cuando el sistema está a menos de 600 km. Asimismo, ofrece datos comparativos sobre la influencia de la topografía y la altitud, indicando que estaciones en islas a 73 metros de altura registran vientos medios de 12.8 m/s ante ciclones intensos. Finalmente, documenta que la influencia estadística de los ciclones en el viento se extiende hasta los 1200 km mar adentro en latitudes altas."]

["bretherton1992intercomparison.pdf", "An Intercomparison of Methods for Finding Coupled Patterns in Climate Data", "El tema principal es la comparación de métodos estadísticos para aislar modos acoplados de variabilidad entre series temporales de dos campos de datos geofísicos. El objetivo es introducir un marco conceptual unificado para evaluar técnicas como el análisis de componentes principales combinados (CPCA), el análisis de correlación canónica (CCA) y la descomposición en valores singulares (SVD). El estudio utiliza un sistema de modelo simple pero relevante para la geofísica para cuantificar el rendimiento de estos métodos bajo diversas condiciones de ruido y muestreo.", "El estudio aborda la falta de un marco conceptual claro para comparar la eficacia de diferentes métodos matriciales objetivos en la identificación de estructuras acopladas en conjuntos de datos climáticos. Específicamente, examina cómo factores como el número de puntos de observación, el tamaño de la muestra temporal y la relación señal-ruido afectan la capacidad de cada método para detectar señales acopladas. También identifica sesgos sistemáticos en métodos basados en PCA que tienden a favorecer las funciones ortogonales empíricas (EOF) líderes de campos individuales en lugar de la señal acoplada real.", "La investigación no aborda la extensión de estos métodos a casos que involucren la búsqueda de patrones acoplados en tres o más campos simultáneamente, mencionando que esto sería un área importante de investigación futura. Aunque analiza la estabilidad ante muestras pequeñas, el estudio se centra principalmente en relaciones lineales, dejando abierta la exploración de acoplamientos no lineales complejos. Además, los resultados se basan en un modelo simplificado y un ejemplo específico de interacción océano-atmósfera, lo que requiere mayor validación en una gama más amplia de fenómenos climáticos diversos.", "Sí, este artículo proporciona una base teórica y comparativa fundamental para el uso de EOF multivariados (MEOF) y SVD, herramientas centrales en el estudio de ciclones extratropicales propuesto. Específicamente, el trabajo demuestra que el CPCA (equivalente a MEOF) es altamente eficiente para aislar señales cuando estas se asemejan a los modos dominantes de variabilidad individual, lo cual es relevante para capturar la covarianza entre viento y precipitación en ciclones. El texto provee evidencia cuantitativa de que para series temporales cortas, comunes en datos de ciclones, el CPCA suele extraer patrones acoplados con mayor precisión y menores errores aleatorios en comparación con SVD o CCA. Por ejemplo, se menciona que el CPCA puede tener errores aleatorios hasta la mitad de grandes que otros métodos al utilizar todos los datos de covarianza disponibles. Sin embargo, el artículo advierte sobre un sesgo sistemático en CPCA hacia las EOF líderes de campos individuales cuando la relación señal-ruido es baja, un factor crítico al segmentar ciclones por intensidad o fase. Las figuras 9 y 10 muestran cómo el error total disminuye significativamente al aumentar el tamaño de la muestra (T) y la intensidad de la señal (eta), validando la robustez de los resultados estadísticos según el volumen de datos. Finalmente, el marco de mapas de correlación heterogénea descrito es directamente aplicable para mapear la densidad espacial de los máximos de variables respecto al centro del ciclón."]

["chen2025characteristics.pdf", "Characteristics of Precipitation and Wind Extremes Induced by Extratropical Cyclones in Northeastern North America", "El estudio investiga las características de los eventos extremos de velocidad del viento y precipitación en superficie asociados a ciclones extratropicales en América del Norte. El objetivo principal es explorar en detalle la estacionalidad, intensidad y duración de estos extremos, con un enfoque particular en el noreste de América del Norte. Para ello, se utilizan datos de reanálisis ERA5 y satelitales IMERG durante un periodo de 20 años.", "La investigación aborda la falta de un estudio exhaustivo centrado en América del Norte que explore simultáneamente la estacionalidad, asociación con ciclones y propiedades de duración de los extremos de viento y precipitación. También analiza la probabilidad de ocurrencia de extremos compuestos de viento y lluvia y su relación con los ciclones extratropicales. Además, evalúa la sensibilidad de estos resultados al uso de diferentes conjuntos de datos y umbrales de percentiles.", "El estudio no aborda las limitaciones de usar un radio fijo de 1000 km para representar la influencia de los ciclones, lo cual puede introducir errores debido a la variación del tamaño del sistema según la estación. Tampoco resuelve las incertidumbres significativas entre los datos de ERA5 e IMERG al capturar la magnitud de los extremos de precipitación, especialmente en invierno sobre superficies heladas. Asimismo, deja abierta la exploración de cómo el cambio climático futuro podría alterar estas características de los extremos inducidos por ciclones.", "Este artículo aporta información técnica valiosa sobre la magnitud y distribución de los máximos de viento y precipitación asociados a ciclones en una región de latitud media-alta similar a la del estudio propuesto. Específicamente, proporciona metodologías para cuantificar la intensidad acumulada y promediada de los extremos, así como escalas de tiempo características de 6 horas para viento y 2-3 horas para precipitación en ERA5. También demuestra el uso de métricas de impacto que superan a las medidas tradicionales de intensidad del ciclón, como la presión mínima, que muestran una correlación débil con los extremos locales (coeficientes menores a 0.37). Los hallazgos confirman que más del 80 por ciento de los extremos de viento y el 86 por ciento de los de precipitación en invierno están vinculados a ciclones en regiones de alta latitud. Además, ofrece un marco para analizar eventos compuestos donde la probabilidad alcanza el 19 por ciento anual en el noreste de América del Norte, con un 90 por ciento de estos vinculados a ciclones. Estos datos cuantitativos y funcionales servirían de referencia directa para validar la distribución espacial y magnitud de los máximos que el estudio del Atlántico Sur busca caracterizar mediante KDE y EOF."]

["clark2005sting.pdf", "The sting at the end of the tail: Model diagnostics of fine-scale three-dimensional structure of the cloud head", "El tema principal es la caracterización de la estructura tridimensional y evolución del fenómeno conocido como sting jet (SJ) en ciclones extratropicales. El objetivo es validar la existencia de este chorro de mesoescala mediante simulaciones de modelos numéricos de alta resolución y describir su origen físico. Se busca demostrar que los vientos de superficie más dañinos provienen de un descenso de aire desde niveles medios dentro de la cabeza de la nube.", "El estudio aborda el vacío de conocimiento sobre la estructura física y el origen dinámico del sting jet como una entidad distinta de los chorros de bajos niveles convencionales. Proporciona evidencia de que este fenómeno surge de circulaciones inclinadas de mesoescala dentro de la cabeza de la nube en procesos de fractura frontal. Asimismo, clarifica la distinción entre el SJ y el chorro de la cinta transportadora de aire frío.", "La investigación deja abierta la confirmación de si la inestabilidad simétrica condicional es el mecanismo principal que inicia el desarrollo del sting jet. Tampoco aborda de manera definitiva si este modelo conceptual es representativo para la mayoría de los ciclones que sufren una profundización explosiva. Adicionalmente, queda por determinar el papel preciso de la evaporación en el aumento de la intensidad total del chorro frente a la simple reducción de la estabilidad estática.", "Este artículo puede contribuir significativamente al estudio propuesto al proporcionar un marco teórico y cuantitativo para identificar el sting jet dentro de ciclones extratropicales, lo que complementa el análisis de máximos de viento a 10m y 100m. Ofrece evidencia técnica de que las trayectorias del SJ descienden desde unos 650 hPa hasta los 900 hPa en aproximadamente 4 horas, acelerando de 20 m s'-1' a más de 45 m s'-1' con extremos de 50 m s'-1'. El uso de trayectorias lagrangianas en el artículo coincide con el enfoque del estudio y permite vincular la intensidad dinámica (vorticidad relativa a 850 hPa) con la formación de chorros de mesoescala durante la fase de madurez y fractura frontal. Además, documenta que el enfriamiento evaporativo puede reducir la temperatura potencial en hasta 5 K u 8 K, lo cual es relevante para el análisis de anomalías espaciales y la covariabilidad con la precipitación. La distinción espacial detallada entre el SJ y el chorro de aire frío (CCB) proporciona una base para segmentar los máximos de viento por regiones de génesis y fases del ciclo de vida. Finalmente, la descripción de circulaciones inclinadas con longitudes de onda de 140-160 km ayuda a interpretar los patrones de anomalía detectados mediante funciones ortogonales empíricas."]

["coutodesouza2024thesis.pdf", "Cyclones in the Southwestern Atlantic: Life Cycle and Energetics", "El tema principal es el estudio de los mecanismos dinámicos y la energética de los ciclones en el Atlántico Sudoccidental a lo largo de las distintas fases de su ciclo de vida. El objetivo es determinar los procesos físicos, como las inestabilidades baroclínicas y barotrópicas, que impulsan el desarrollo de estos sistemas utilizando el Ciclo Energético de Lorenz. Para ello, se desarrolla una climatología detallada de las fases de vida de los ciclones y se analizan sus patrones energéticos mediante métodos estadísticos y de agrupamiento.", "El estudio aborda la falta de una visión climatológica de los mecanismos dinámicos de los ciclones en el Atlántico Sur, ya que la mayoría de las investigaciones previas se centraban en estudios de caso. Supera las limitaciones de las climatologías actuales que ofrecen una visión unificada del ciclo de vida, permitiendo investigar la posición geográfica y los mecanismos dinámicos de cada fase individual. Además, explora el papel de la inestabilidad barotrópica en el desarrollo de ciclones extratropicales, un aspecto no totalmente detallado previamente en la literatura clásica.", "El estudio no aborda cómo se comporta la energética ambiental antes de la ciclogénesis o después de la ciclólisis, dejando estos periodos como preguntas abiertas. Tampoco profundiza en los mecanismos físicos específicos detrás de las importaciones de energía potencial disponible y energía cinética de los remolinos. Además, aunque identifica ciclos de vida secundarios, no determina si estos casos representan una ciclogénesis secundaria real o una reintensificación de la misma onda.", "Sí, este trabajo podría contribuir significativamente al estudio propuesto al proporcionar un marco metodológico y resultados técnicos comparables sobre ciclones en el Atlántico Sur. Específicamente, ofrece una climatología de 7,151 sistemas estratificados por fases (incipiente, intensificación, madura y decaimiento) y regiones de génesis (ARG, LPB/LA-PLATA, SBR/SE-BR) que coinciden con el interés del estudio. Técnicamente, valida el uso de la vorticidad relativa a 850 hPa para identificar fases y utiliza funciones ortogonales empíricas (EOF) para analizar la variabilidad de los términos energéticos. Proporciona evidencia cuantitativa de que la inestabilidad barotrópica es un mecanismo clave que alcanza su pico durante la fase madura (término Ck negativo). Además, introduce los diagramas de Espacio de Fase de Lorenz (LPS) como herramienta visual para diagnosticar la evolución dinámica y la actividad convectiva (Ge) de los sistemas."]

["deSouza2025CycloPhaser.pdf", "CycloPhaser: A Python Package for Detecting Extratropical Cyclone Life Cycles", "El tema principal del estudio es la presentación de CycloPhaser, un paquete de Python diseñado para detectar y analizar automáticamente las etapas del ciclo de vida de los ciclones extratropicales. El objetivo es proporcionar una herramienta eficiente que utilice datos de vorticidad relativa central para identificar fases clave como la incipiente, intensificación, madurez y decaimiento. Esto permite a los investigadores procesar grandes conjuntos de datos meteorológicos y mejorar la comprensión de la evolución espacial y temporal de estos sistemas.", "El estudio aborda la brecha en la identificación objetiva y automatizada de las etapas del ciclo de vida de los ciclones en grandes bases de datos, superando las limitaciones de los análisis manuales tradicionales. A diferencia de métodos previos que simplifican el ciclo en solo dos fases o tratan la fase madura como un único paso de tiempo, esta herramienta permite una clasificación más detallada. Específicamente, incluye la detección de la etapa incipiente y reconoce que la fase madura puede abarcar múltiples intervalos de tiempo con características homogéneas.", "El estudio no aborda explícitamente la validación de la herramienta utilizando variables distintas a la vorticidad relativa, como la presión al nivel del mar o datos de viento, aunque menciona su potencial aplicabilidad. Tampoco profundiza en el análisis físico detallado de la energética de los ciclones ni en la influencia directa de factores termodinámicos específicos durante cada fase detectada. Además, deja abierta la exploración de cómo estos ciclos de vida podrían cambiar bajo diferentes escenarios de cambio climático futuros, limitándose a presentar la herramienta para tales fines.", "Este artículo es altamente relevante para el estudio propuesto ya que proporciona la base metodológica y de software necesaria para la estratificación por fases del ciclo de vida (incipiente, intensificación, madura, decaimiento) requerida. CycloPhaser permite procesar las series temporales de vorticidad relativa a 850 hPa para identificar automáticamente estas transiciones, lo cual es fundamental para los análisis de KDE y EOF segmentados por fase. La herramienta implementa filtros de Lanczos y Savitzky-Golay para asegurar señales sinusoidales limpias, facilitando la detección de picos y valles que definen los estados dinámicos. Además, el software ya ha sido calibrado con rastreos de ciclones en el Atlántico Sur y contempla regiones de génesis específicas como SE-BR, LA-PLATA y ARG, coincidiendo exactamente con el enfoque geográfico del estudio. Al automatizar la detección de fases, permite manejar el volumen de datos necesario para generar las PDF de magnitudes de viento y precipitación con rigor estadístico. Finalmente, su capacidad para tratar la fase madura como un periodo de múltiples pasos temporales asegura una caracterización más precisa de los máximos de viento y lluvia en el estado de mayor intensidad del sistema."]

["gramcianinov2020analysis.pdf", "Analysis of Atlantic extratropical storm tracks characteristics in 41 years of ERA5 and CFSR/CFSv2 databases", "El tema principal es el análisis y comparación de las bases de datos ERA5 y CFSR/CFSv2 entre 1979 y 2019 para evaluar su capacidad de reproducir las trayectorias y características de los ciclones extratropicales en el Atlántico Norte y Sur. El objetivo es presentar una climatología de ciclones de alta resolución temporal útil para aplicaciones de ingeniería oceánica y evaluación de riesgos costeros. Se enfoca en comparar la frecuencia, distribución espacial e intensidad de los sistemas identificados mediante el seguimiento de la vorticidad relativa a 850 hPa.", "El estudio aborda la falta de bases de datos de ciclones de acceso público con alta resolución temporal, específicamente de una hora, para el Océano Atlántico. Evalúa cómo las diferencias en la resolución del modelo y las técnicas de asimilación de datos impactan la representación de ciclones intensos y densidades de trayectoria en el Hemisferio Sur. También analiza las discrepancias entre los conjuntos de datos modernos ERA5 y la familia CFSR/CFSv2 en el contexto de aplicaciones de ingeniería oceánica.", "El estudio no aborda la distinción explícita entre ciclones extratropicales y subtropicales, incluyendo ambos tipos en el conjunto de trayectorias analizadas. Tampoco profundiza en los mecanismos físicos específicos que causan la intensificación de ciclones individuales, centrándose en estadísticas climatológicas y comparaciones entre modelos. Además, deja abierta la evaluación de la precipitación asociada a estos sistemas, a pesar de mencionarla como una aplicación potencial de los datos de reanálisis.", "Este artículo aporta evidencia técnica clave al proporcionar una climatología detallada de la génesis y las trayectorias en el Atlántico Sur, identificando regiones críticas como Uruguay (35S, 60W) y la costa argentina (45S, 65W). Ofrece datos cuantitativos sobre la intensidad de los ciclones medida a través del viento máximo a 10 m, reportando que CFSR/CFSv2 tiende a mostrar ciclones más intensos con una velocidad media de viento de 23.4 m s-1 frente a los 21.2 m s-1 de ERA5 en el Atlántico Sur. El estudio confirma que el uso de datos horarios mejora el seguimiento en zonas de topografía compleja como el sotavento de los Andes, validando el marco Lagrangiano propuesto para caracterizar máximos de viento. Además, la comparación de densidades de trayectoria y génesis mediante estimadores de kernel esférico proporciona una base estadística sólida para estratificar ciclones por región de origen. Los resultados muestran que el 93.1% de los ciclones en el Atlántico Sur tienen correspondencia entre ERA5 y CFSR/CFSv2, lo que sustenta la robustez de usar estas bases de datos para analizar la distribución espacial de máximos de viento. Finalmente, la identificación de sesgos en la duración y desplazamiento de los ciclones en CFSR/CFSv2, debido a inconsistencias entre pasos de pronóstico y análisis, es crucial para la segmentación por fases del ciclo de vida."]

["han2025system.pdf", "The System for Classification of Low-Pressure Systems (SyCLOPS): An All-In-One Objective Framework for Large-Scale Data Sets", "El objetivo principal es proponer SyCLOPS, el primer marco de trabajo objetivo y unificado para detectar, rastrear y clasificar simultáneamente todos los tipos de sistemas de baja presión (LPS) en conjuntos de datos climáticos globales. El estudio busca superar las limitaciones de los algoritmos especializados previos mediante el uso de criterios físicos y dinámicos consistentes para asignar 16 etiquetas distintas a los sistemas detectados en ERA5. Además, pretende mejorar la precisión en la detección de ciclones tropicales y proporcionar una herramienta versátil para analizar la frecuencia, estructura e impactos de diversos LPS a nivel mundial.", "El estudio aborda la fragmentación de los métodos de detección actuales, que suelen ser algoritmos especializados para un solo tipo de sistema con restricciones espaciales o estacionales estrictas. Resuelve la dificultad de diferenciar sistemas tropicales de no tropicales utilizando criterios novedosos como la humedad relativa a 100 hPa y la cizalladura del viento en capas profundas. También soluciona la falta de un seguimiento continuo del ciclo de vida completo de los LPS, permitiendo rastrear transiciones entre diferentes fases y tipos.", "El trabajo reconoce que persiste una incertidumbre significativa en la detección y clasificación de sistemas de escala mesocalar más pequeños, como los bajos polares, debido a las limitaciones de resolución de los datos de reanálisis como ERA5. No aborda por completo la subjetividad en las zonas de transición o 'zonas grises', donde los sistemas pueden saltar entre etiquetas debido a umbrales fijos arbitrarios. Además, deja abierta la necesidad de un mayor ajuste de umbrales para otros conjuntos de datos regionales o modelos climáticos con resoluciones diferentes.", "Sí, este artículo aporta información técnica y cuantitativa relevante al proponer el marco SyCLOPS, el cual permite estratificar ciclones por tipo y fase del ciclo de vida, incluyendo transiciones extratropicales con un error mediano de solo +6 horas. Ofrece umbrales específicos para clasificar la intensidad dinámica mediante la amplitud del contorno cerrado de MSLP (MSLPCC20 > 215 Pa para TCs) y la estructura térmica a través de la anomalía de espesor geopotencial (UPPTKCC < -107.8 m2s-2 para núcleos cálidos profundos). El estudio demuestra la utilidad de usar variables como la humedad relativa a 850 hPa (umbral de 85% para sistemas monzónicos) y la cizalladura profunda (umbral de 18 m/s para sistemas tropicales) para caracterizar la naturaleza de los ciclones. Además, introduce el cálculo de la energía cinética integrada (IKE) y blobs de precipitación dinámicos basados en vorticidad relativa ciclonica (> 2e-5 s-1), lo cual es directamente aplicable para cuantificar la magnitud de vientos y precipitaciones máximas asociadas a los ciclones. Estas herramientas facilitan la comparación de distribuciones estadísticas y modos de variabilidad espacial solicitados en el estudio propuesto."]

["hannachi2007empirical.pdf", "Empirical orthogonal functions and related techniques in atmospheric science: A review", "El tema principal es la revisión de las funciones ortogonales empíricas (EOF) y sus variantes aplicadas a las ciencias atmosféricas. El objetivo es actualizar el conocimiento sobre estas técnicas, incluyendo desarrollos recientes para reducir la dimensionalidad y extraer patrones prominentes de variabilidad en datos espacio-temporales complejos. El estudio revisa la teoría básica y ofrece diversas aplicaciones con conjuntos de datos meteorológicos reales.", "El trabajo aborda la brecha de conocimiento existente debido a que las revisiones previas sobre el tema estaban desactualizadas y no incluían desarrollos recientes en el campo. Proporciona una síntesis de métodos exploratorios que superan limitaciones de las EOF convencionales, como la dificultad de interpretación física y la incapacidad para detectar características de propagación. Específicamente, integra técnicas de simplificación y extensiones temporales o complejas bajo un mismo marco de referencia.", "El estudio deja abierta la identificación de auténticas teleconexiones, señalando que la rotación y otros procedimientos de simplificación son herramientas matemáticas que pueden no reflejar necesariamente la naturaleza física. Tampoco profundiza en métodos orientados a modelos como los patrones de interacción principal (PIP) ni en técnicas de covariabilidad entre múltiples campos como el análisis de correlación canónica (CCA). Además, el análisis de las causas físicas exactas de ciertas autocorrelaciones observadas en series temporales cortas permanece sin resolver.", "Este artículo puede contribuir significativamente al estudio propuesto al proporcionar el fundamento teórico y práctico para el uso de EOF univariantes y multivariantes (MEOF), herramientas centrales en la caracterización de ciclones extratropicales. Específicamente, el texto detalla cómo las EOF extendidas (EEOF) y las EOF complejas manejan correlaciones espaciales y temporales, lo cual es técnico para analizar el ciclo de vida y la propagación de los ciclones. Además, ofrece evidencia cuantitativa sobre la eficiencia de los métodos, como se muestra en la Tabla I donde las HEOF capturan el 71.32% de la varianza en su primer autovalor frente al 39.4% de las EOF. La discusión sobre la rotación (REOF) y las EOF simplificadas (SEOF) permite optimizar la interpretación de anomalías espaciales en regiones de génesis como SBR o LPB. Finalmente, las técnicas de filtrado y reconstrucción descritas son directamente aplicables para aislar la señal de los máximos de viento y precipitación dentro del marco lagrangiano del ciclón."]

["hart2003cyclone.pdf", "A Cyclone Phase Space Derived from Thermal Wind and Thermal Asymmetry", "El estudio propone y explora un espacio de fase de ciclones tridimensional definido objetivamente para describir su fase y estructura basándose en la asimetría térmica y el viento térmico. El objetivo principal es unificar la descripción estructural de ciclones tropicales, extratropicales e híbridos en un continuo, permitiendo analizar su evolución estructural y transiciones de fase. Esto facilita una clasificación consistente que ayuda a comprender la evolución y las amenazas de los ciclones en modelos numéricos.", "El estudio aborda la falta de un método objetivo y consistente para diagnosticar la estructura de núcleo frío frente a núcleo cálido en los ciclones dentro de los modelos meteorológicos convencionales. Tradicionalmente, existía una separación discreta entre tipos de ciclones, dejando un área gris sin reconocer para fases híbridas o transiciones graduales. Al proponer este espacio de fase, se logra distinguir variaciones estructurales sutiles que los campos convencionales, como el viento o la vorticidad, no logran determinar de manera única.", "El estudio no aborda detalladamente los factores adicionales que determinan cambios rápidos de intensidad en ciclones de núcleo frío, como la estabilidad estática troposférica o la configuración de rachas de viento en chorro. Tampoco proporciona una solución definitiva para el seguimiento de ciclones de escala mesoscalar, limitándose principalmente a sistemas de escala sinóptica debido a la resolución de los datos utilizados. Además, deja abierta la necesidad de refinar el límite inferior de intensidad observado para estructuras de núcleo frío utilizando datos de mayor resolución y periodos más extensos.", "Sí, este artículo puede contribuir significativamente al proporcionar un marco de diagnóstico objetivo basado en el viento térmico y la asimetría térmica para caracterizar la estructura de los ciclones, lo cual complementa el enfoque lagrangiano del estudio propuesto. Específicamente, los parámetros B, -VtL y -VtU permiten diferenciar cuantitativamente entre estructuras de núcleo cálido y frío, facilitando la estratificación por intensidad dinámica y fase del ciclo de vida. El artículo demuestra que los ciclones con núcleo cálido presentan una intensidad media 10 hPa menor que los de núcleo frío a una resolución de 2.5 grados, proporcionando evidencia cuantitativa sobre la relación entre estructura y magnitud. Además, la metodología de seguimiento de ciclones basada en mínimos de presión a nivel del mar (MSLP) y criterios de velocidad menores a 40 m/s ofrece un protocolo técnico probado para el análisis de trayectorias. El uso de diagramas de fase permite mapear visualmente transiciones estructurales, lo que enriquecería la interpretación de las anomalías espaciales identificadas mediante EOF y MEOF. Finalmente, el estudio muestra que la asimetría térmica (B) es un indicador fundamental de la naturaleza frontal, lo que apoyaría la segmentación de máximos de viento y precipitación en cuadrantes respecto al centro del ciclón."]

["IPCC2021_WG1_Chapter11_Extremes.pdf", "Weather and Climate Extreme Events in a Changing Climate", "El tema principal del estudio es la evaluación de los cambios observados y proyectados en los eventos climáticos y meteorológicos extremos a escalas regional y global en el contexto del cambio climático. Su objetivo es proporcionar una base científica actualizada sobre la influencia humana en fenómenos como temperaturas extremas, precipitaciones intensas, inundaciones, sequías y tormentas, analizando su frecuencia e intensidad bajo diferentes niveles de calentamiento global. Además, busca ofrecer información regional relevante para la gestión de riesgos y la adaptación climática.", "El estudio aborda brechas de conocimiento relacionadas con la influencia humana en eventos extremos individuales y cambios en ciclones tropicales y eventos compuestos, integrando avances científicos desde el Quinto Informe de Evaluación (AR5). Proporciona una mejor comprensión física de los procesos termodinámicos y dinámicos involucrados, junto con proyecciones detalladas vinculadas a niveles específicos de calentamiento global (+1.5, +2 y +4 grados Celsius). También mejora la disponibilidad de información regional sobre tendencias observadas y su atribución mediante el uso de modelos climáticos más accesibles y datos de reanálisis mejorados.", "El estudio deja abiertas brechas de conocimiento en regiones en desarrollo debido a la falta de datos observacionales históricos, modelos climáticos confiables y una cobertura espacial desigual de las reconstrucciones paleoclimáticas. Persisten incertidumbres significativas en la comprensión y proyección de los procesos dinámicos atmosféricos, como los cambios en los patrones de circulación a gran escala que afectan la ubicación y magnitud de los extremos. Además, la capacidad de los modelos actuales para representar fenómenos de pequeña escala, como tornados, granizo y precipitaciones subdiarias de corta duración, sigue siendo limitada.", "Sí, este documento podría contribuir con información técnica valiosa al estudio de ciclones extratropicales en el Atlántico Sur al proporcionar el contexto global del cambio climático sobre la dinámica de las tormentas y los mecanismos físicos subyacentes. Específicamente, el capítulo confirma que los sistemas de baja resolución actuales subestiman la intensidad dinámica de los ciclones extratropicales, incluyendo la vorticidad y los vientos máximos cercanos a la superficie, lo cual valida la necesidad de marcos de análisis detallados como el propuesto. Proporciona evidencia cuantitativa sobre la respuesta termodinámica de las precipitaciones extremas, las cuales escalan aproximadamente un 7 por ciento por cada grado Celsius de calentamiento según la relación de Clausius-Clapeyron. Además, documenta un desplazamiento hacia los polos de las trayectorias de las tormentas extratropicales en el Hemisferio Sur desde la década de 1980 con alta confianza, impulsado en parte por el agotamiento del ozono estratosférico y las emisiones humanas. El estudio también ofrece herramientas comparativas para el análisis de eventos compuestos de viento y precipitación, destacando la importancia de evaluar la co-variabilidad espacial frente a los cambios en la humedad atmosférica. Finalmente, los hallazgos sobre la asimetría regional en los cambios de intensidad dinámica de los ciclones podrían enriquecer la estratificación por regiones de génesis como SBR, LPB y ARG planteada en el estudio."]

["liang2018multivariate.pdf", "A Multivariate Empirical Orthogonal Function Method to Construct Nitrate Maps in the Southern Ocean", "El tema principal es la construccion de mapas de nitrato en el Oceano Austral a partir de observaciones escasas utilizando un metodo de funciones ortogonales empiricas multivariadas (MEOF). El objetivo es evaluar el desempeno de este metodo y determinar estrategias optimas de muestreo de datos que consideren tanto la estructura como la amplitud de la senal. Para ello, se utilizan campos de nitrato, salinidad y temperatura potencial provenientes de una simulacion de un modelo de circulacion general biogeoquimico.", "El estudio aborda la falta de conocimiento sobre la aplicabilidad del metodo MEOF para construir mapas de nitrato en el Oceano Austral, integrando diferentes variables con sus varianzas combinadas. Tambien trata el problema de las estrategias de muestreo que a menudo ignoran la heterogeneidad de la varianza temporal. Ademas, busca identificar regiones clave para la insercion de datos mediante un metodo de agrupamiento k-means para reducir los errores de mapeo.", "El estudio no aborda los efectos de la resolucion de la rejilla de mapeo, dejando pendiente evaluar como la redundancia de datos entre puntos afecta las estrategias de muestreo si la resolucion aumenta. Tampoco considera las interrupciones en las series temporales de datos por factores como la vida util de las baterias de los flotadores o eventos climaticos severos. Finalmente, no evalua si las relaciones identificadas a 100 metros de profundidad se mantienen en otros niveles de la columna de agua.", "Este articulo puede contribuir con una base metodologica solida sobre el uso de MEOF para analizar la covariabilidad espacial entre variables oceanograficas, similar a lo requerido para estudiar el viento y la precipitacion en ciclones extratropicales. Proporciona evidencia cuantitativa de que el uso de los primeros 500 modos MEOF permite recuperar el 99 por ciento de la senal del modelo original, reduciendo el error cuadratico medio normalizado (NRMSE) a menos de 0.1. Demuestra especificamente que una estrategia de muestreo organizada, como el metodo k-means basado en varianzas combinadas, es mas efectiva que el muestreo aleatorio para reducir errores. Por ejemplo, el uso de datos en la region K1 redujo el NRMSE de nitrato de 1.0 a 0.77 de manera mas eficiente que en otras regiones. El enfoque de utilizar campos de apoyo como salinidad y temperatura para mejorar la reconstruccion del nitrato es analogo al uso de vientos para caracterizar la precipitacion en el marco Lagrangiano de los ciclones. Ademas, la tecnica de analisis de tasas de reduccion de error por region podria aplicarse para identificar zonas criticas en la estructura de los ciclones donde los maximos de viento y lluvia son mas variables. El trabajo tambien valida el uso de herramientas estadisticas como k-means para segmentar regiones segun sus caracteristicas de varianza, lo cual es relevante para la estratificacion dinamica propuesta en el estudio de ciclones."]

["padilhareinke2026characterization.pdf", "Characterization and Variability of Extratropical Cyclones in the Southwest Atlantic Ocean", "El estudio tiene como objetivo proporcionar una caracterización exhaustiva de los ciclones extratropicales en el océano Atlántico sudocidental, con un enfoque específico en su variabilidad interanual de frecuencia y patrones estacionales. Además, busca analizar la dinámica de los eventos intensos que afectan las áreas costeras de Uruguay y el sur de Brasil, examinando las condiciones meteorológicas que favorecen su desarrollo. Para ello, utiliza el conjunto de datos de reanálisis ERA5 que abarca un periodo de 41 años, desde 1982 hasta 2022.", "La investigación aborda la falta de claridad en varios aspectos de la variabilidad espacial y temporal de los ciclones en el Atlántico sudocidental, a pesar de ser una zona reconocida de formación e intensificación. Específicamente, contribuye al conocimiento sobre la variabilidad interanual y estacional reciente, así como a las condiciones sinópticas preferenciales que conducen a eventos intensos en la costa. También aborda las deficiencias en la comprensión de cómo estos sistemas responden a forzamientos de gran escala y oscilaciones periódicas.", "El estudio deja abierta la necesidad de una mayor investigación sobre los mecanismos subyacentes responsables de los picos de energía identificados en las oscilaciones de 2-3, 5, 6 y 8-10 años. No aborda detalladamente los vínculos específicos entre la variabilidad del conteo de ciclones y parámetros oceánicos clave como el contenido de calor de la capa superior del océano o las corrientes oceánicas. Asimismo, queda pendiente explorar las covarianzas con retardo entre las regiones norte y sur y la relación con olas de calor marinas bajo escenarios de cambio climático.", "Este artículo puede contribuir significativamente al estudio mencionado al proporcionar una base climatológica sólida y criterios de intensidad para clasificar ciclones en el Atlántico Sur. El paper establece umbrales específicos de intensidad, como el percentil 10 para la presión mínima del nivel del mar (~966 hPa) y el percentil 90 para los vientos máximos a 10 m (~84 km/h), lo cual es crucial para la segmentación dinámica solicitada. Además, ofrece evidencia cuantitativa sobre la distribución espacial de los máximos de intensidad, señalando que los eventos definidos por presión mínima se concentran más al sur que los definidos por vientos máximos. El uso de reanálisis ERA5 con resolución de 31 km y datos horarios coincide con las necesidades técnicas para un marco Lagrangiano centrado en el ciclón. El estudio también documenta patrones de transporte de humedad y configuraciones de chorros en niveles altos que respaldan los análisis de co-variabilidad y co-ubicación propuestos mediante EOF multivariadas. Finalmente, la identificación de variaciones estacionales significativas, como la tendencia positiva de 1.7 ciclones por década en verano para la parte sur, complementa la caracterización de las fases del ciclo de vida."]

["padilhareinke2024objective.pdf", "Objective Algorithm for Detection and Tracking of Extratropical Cyclones in the Southern Hemisphere", "El estudio propone un algoritmo robusto y sencillo para identificar y rastrear ciclones extratropicales en el Hemisferio Sur utilizando datos de reanálisis ERA5 de alta resolución. El objetivo principal es implementar una metodología basada en el filtrado gaussiano de la vorticidad relativa a 850 hPa y la técnica de etiquetado de componentes conectados. Con esto se busca generar una base de datos climática que permita comprender los cambios en la frecuencia e intensidad de estos eventos durante las últimas décadas.", "El estudio aborda la necesidad de mejorar la detección y el seguimiento de ciclones extratropicales utilizando conjuntos de datos modernos con alta resolución espacial y temporal. Específicamente, utiliza el filtrado gaussiano para lograr una suavización más delicada de los efectos costeros y orográficos en comparación con los filtros de media tradicionales. Además, emplea el etiquetado de componentes conectados para reconocer ciclones como áreas en lugar de simples mínimos locales, lo que facilita la identificación de procesos de fusión y división de sistemas.", "La investigación reconoce que su metodología presenta limitaciones durante la fase de ciclólisis o disolución del evento, donde el centro de masa puede ser inexacto debido al aumento del área bajo el umbral. Asimismo, el estudio no profundiza en el uso de umbrales de parámetros en diferentes niveles de altitud, dejando esta mejora para futuros desarrollos del algoritmo. Por último, la aplicación práctica de estos datos para vincular características de ciclones con eventos extremos como olas de calor marinas queda planteada como una investigación futura.", "Este artículo aporta evidencia técnica valiosa al utilizar vorticidad relativa a 850 hPa para el seguimiento Lagrangiano, coincidiendo con el marco dinámico del estudio propuesto. Proporciona parámetros cuantitativos específicos como un umbral de vorticidad de -10 a la -4 s-1 y un área mínima de 15 píxeles para la identificación precisa de centros de ciclones. El uso de ERA5 permite analizar distribuciones espaciales y magnitudes de viento a 10m y presión mínima, datos fundamentales para caracterizar la intensidad máxima de los eventos. Los resultados demuestran que una resolución de 1 hora es más eficiente para captar la intensidad extrema, con promedios de vorticidad de -4.4 por 10 a la -4 s-1 frente a -4.3 por 10 a la -4 s-1 en datos de 6 horas. El algoritmo es capaz de detectar la ciclogénesis en regiones clave como el sureste de Sudamérica, lo que respalda la estratificación geográfica del estudio sugerido. Además, presenta una metodología para definir un área efectiva de búsqueda de máximos centrada en el centro de masa de la vorticidad, facilitando la extracción de variables acopladas."]

["reboita2026meteorology.pdf", "Meteorology and Climate of South America and Surrounding Oceans", "El tema principal del estudio es la descripción exhaustiva de la climatología y los sistemas atmosféricos que actúan sobre América del Sur y los océanos adyacentes. El objetivo es proporcionar una síntesis de los mecanismos dinámicos, fuentes de humedad y patrones de teleconexión que impulsan la diversidad climática del continente. Además, el capítulo evalúa el rendimiento de los modelos climáticos actuales y las proyecciones de cambio climático para finales de siglo.", "El estudio aborda la brecha de conocimiento sobre la interacción entre sistemas tropicales y extratropicales en la formación de zonas de convergencia como la ZCAS. Proporciona una revisión actualizada sobre la frecuencia y variabilidad de fenómenos como los chorros de niveles bajos, ríos atmosféricos y diversos tipos de ciclones en el Atlántico Sur. También sintetiza la influencia de múltiples modos de variabilidad climática, desde escalas intraestacionales hasta multidecadales, sobre los regímenes de precipitación regionales.", "El estudio deja abierta la brecha de conocimiento respecto a las teorías físicas completas que expliquen el fenómeno de la doble ZCIT tanto en el Pacífico como en el Atlántico. No aborda de manera exhaustiva los procesos físicos asociados al desarrollo de ciclones extratropicales y subtropicales explosivos en el Océano Pacífico Sur. Asimismo, persiste la incertidumbre sobre cómo la deforestación en la Amazonía afecta específicamente a las circulaciones de Hadley y Walker a gran escala.", "Sí, este documento contribuye con información técnica esencial al caracterizar las regiones de ciclogénesis en el Atlántico Sur (RG1, RG2, RG3) y la influencia de ciclones en la organización de la ZCAS durante la estación húmeda. Proporciona evidencia sobre la frecuencia anual de aproximadamente 200 sistemas extratropicales y solo 8 subtropicales por año, además de detallar la estructura térmica de eventos raros como Catarina, Iba y Akara. El texto describe cómo los ciclones extratropicales se asocian con frentes fríos responsables de más del 50 por ciento de la precipitación anual en el Atlántico Sur adyacente. También aporta datos sobre la velocidad media de propagación de sistemas convectivos de mesoescala (12 m s-1) y su ciclo diurno (0600 a 1200 UTC), lo cual es crucial para el marco lagrangiano del estudio propuesto. Finalmente, ofrece detalles sobre la cizalladura vertical del viento de hasta 16.28 m s-1 entre 0 y 6 km en regiones de génesis de tormentas severas, proporcionando un contexto dinámico y cuantitativo para el análisis de máximos de viento."]

["russo2025impacts.pdf", "Impacts of Ocean Heat and Moisture Fluxes on Extratropical Cyclone Development in the South Atlantic", "El tema principal es el papel de los flujos de calor y humedad oceánicos en la formación e intensificación de ciclones extratropicales en el Atlántico Sur. El objetivo es investigar cómo estos flujos influyen en el ciclo de vida de ciclones intensos y explosivos cerca de Sudamérica. Se busca comprender los mecanismos de intercambio de energía en la interfaz océano-atmósfera que impulsan la ciclogénesis y el desarrollo baroclínico en la región.", "El estudio aborda el vacío de conocimiento sobre la influencia específica de los flujos de calor sensible y latente en las diferentes fases del ciclo de vida de los ciclones en el Atlántico Sur. Analiza cómo la interacción con corrientes cálidas como la de Brasil y los gradientes de temperatura superficial del mar afectan la tasa de profundización de los sistemas. También examina la importancia de la humedad específica en el sector cálido para sustentar la energía del ciclón mediante la liberación de calor latente.", "El trabajo no aborda la dinámica de los niveles medios y altos de la atmósfera, como la divergencia en altura, la advección de vorticidad o las interacciones con la corriente en chorro. Deja abierta la necesidad de integrar estos procesos atmosféricos superiores con los flujos superficiales para obtener una visión más completa de la evolución de los ciclones. Tampoco incluye análisis de simulaciones numéricas de alta resolución ni observaciones satelitales acopladas para clarificar los mecanismos de intensificación rápida.", "Este artículo es sumamente útil porque analiza los flujos de calor y humedad en las mismas fases del ciclo de vida (génesis, intensificación, madurez, disipación) que el estudio propuesto. Proporciona evidencia técnica de que el flujo de calor latente supera los 600 W/m'2' e incluso llega a 800 W/m'2' durante la intensificación de ciclones intensos y explosivos, lo que respalda el análisis de magnitudes de máximos de viento y precipitación. Los hallazgos confirman que la humedad específica en el sector cálido es crucial para la intensificación, lo que se vincula directamente con los patrones de anomalías espaciales que se buscan identificar mediante EOF univariados y multivariados. Además, el trabajo utiliza datos de CFSR/CFSv2 a intervalos de 6 horas, coincidiendo con la escala temporal necesaria para estratificar ciclones por región de génesis como SBR y LPB. La distinción entre el papel primario del flujo latente y el secundario del calor sensible ofrece un marco físico para interpretar la co-variabilidad y co-ubicación de variables capturadas por el MEOF. Finalmente, el enfoque en el radio de 10 grados desde el centro del ciclón complementa el marco lagrangiano centrado en el ciclón del estudio sugerido."]

["schultz2021antecedents.pdf", "Antecedents for the Shapiro-Keyser Cyclone Model in the Bergen School Literature", "El tema principal es la identificación de antecedentes históricos de los componentes del modelo de ciclón de Shapiro-Keyser en la literatura de la Escuela de Bergen de principios del siglo XX. El objetivo es demostrar que características como la fractura frontal, el frente retrocedido y la reclusión de núcleo cálido ya habían sido reconocidas por los meteorólogos de Bergen décadas antes de 1990. El estudio busca establecer una genealogía para el modelo de Shapiro-Keyser, viéndolo como una síntesis de elementos previamente identificados.", "El artículo aborda la falta de conocimiento sobre los precedentes históricos de las características clave del modelo de Shapiro-Keyser en la literatura científica previa a 1990. Muestra cómo estos elementos fueron documentados en análisis y modelos conceptuales de la Escuela de Bergen, pero omitidos en versiones posteriores del modelo noruego. Al recopilar estos antecedentes perdidos, el estudio llena el vacío de comprensión sobre el origen y la evolución de estos conceptos meteorológicos.", "El estudio no aborda el origen histórico de la característica del T-bone frontal, ya que los autores no encontraron evidencia de que fuera un tema de preocupación o escritura para la Escuela de Bergen. Tampoco profundiza en las razones definitivas por las cuales estas características fueron eliminadas de los modelos conceptuales comunes a partir de la década de 1950. Además, el trabajo se centra en la perspectiva histórica y conceptual, dejando de lado el análisis físico de nuevos casos contemporáneos.", "Sí, este artículo puede contribuir proporcionando un marco conceptual sólido para interpretar las estructuras frontales observadas en los ciclones del Atlántico Sur, especialmente en fases de madurez y oclusión. El texto detalla la evolución de la fractura frontal y el frente retrocedido (bent-back front), lo cual es relevante para el análisis de la distribución espacial de vientos y precipitación máxima en el marco lagrangiano propuesto. Específicamente, aporta evidencia de cómo el frente retrocedido puede envolver el centro del ciclón, formando una reclusión de núcleo cálido que altera la estructura térmica y dinámica en los cuadrantes del sistema. El artículo también describe cómo el frente retrocedido se asocia con vientos fuertes en la corriente de chorro de bajos niveles (cold conveyor belt), proporcionando una base física para los patrones de anomalías espaciales que se buscan identificar mediante EOF multivariado. Además, la distinción histórica entre el modelo noruego y el de Shapiro-Keyser ayuda a estratificar mejor los ciclones según su estructura frontal y ciclo de vida. Estos antecedentes teóricos refuerzan la interpretación de las PDFs de magnitudes de máximos estimadas mediante KDE al considerar la variabilidad estructural intrínseca de los ciclones extratropicales."]

["shapiro1999bridge.pdf", "A Planetary-Scale to Mesoscale Perspective of the Life Cycles of Extratropical Cyclones: The Bridge between Theory and Observations", "El tema principal es la construcción de un puente conceptual entre los ciclos de vida de ciclones extratropicales idealizados teóricamente y aquellos que ocurren en la naturaleza. El objetivo central es investigar la influencia del flujo ambiental a escala planetaria, específicamente las corrientes en chorro y el cizallamiento barotrópico, en el desarrollo y la estructura frontal de ciclones primarios y secundarios. Para ello, el estudio utiliza teorías establecidas aplicadas cualitativa y cuantitativamente a observaciones y simulaciones numéricas de eventos reales e idealizaciones teóricas.", "El estudio aborda la brecha entre los modelos conceptuales idealizados, como los ciclos de vida LC1, LC2 y LC3, y la diversidad de evoluciones de ciclones observadas en mapas meteorológicos y predicciones numéricas. Explica cómo las diferentes alineaciones meridionales y verticales de las corrientes en chorro ártica, polar y subtropical modulan el cizallamiento ambiental y, por ende, la estructura frontal de los ciclones. Además, proporciona una interpretación teórica de las familias de ciclones mediante los conceptos de desarrollo baroclínico río arriba y río abajo.", "El estudio deja abierta la cuestión de si las simulaciones numéricas de alta resolución capturan correctamente todos los procesos físicos sin una corroboración observacional completa, especialmente para fenómenos de mesoescala. No resuelve totalmente la sensibilidad del desarrollo de ciclones a la escala y amplitud exactas de las perturbaciones iniciales en entornos con múltiples corrientes en chorro. Además, queda pendiente una mayor investigación sobre el origen y la importancia de perturbaciones iniciales muy pequeñas que ocasionalmente evolucionan hacia sistemas meteorológicos significativos.", "Este documento contribuye significativamente al estudio propuesto al proporcionar un marco teórico y comparativo detallado para la caracterización de ciclones basada en su región de génesis y fase del ciclo de vida. Aporta evidencia técnica sobre cómo el cizallamiento barotrópico ambiental diferencia estructuras como el modelo noruego (LC2) de los ciclones tipo T-bone (LC1), lo cual es análogo a la estratificación dinámica por intensidad relativa mencionada en el nuevo estudio. El uso de diagnósticos lagrangianos para trayectorias y transporte de vapor de agua en este texto refuerza la metodología de caracterización espacial centrada en el ciclón del estudio propuesto. Asimismo, las simulaciones muestran cizallamientos ambientales de aproximadamente 10 m/s sobre 2000 km y vientos en chorro superiores a 70 m/s, ofreciendo valores cuantitativos de referencia para validar las magnitudes de vientos a 10m y 100m que se pretenden extraer. La discusión sobre la interacción entre anomalías de PV en la tropopausa y la liberación de inestabilidad baroclínica en niveles bajos proporciona una base dinámica para explicar los patrones de anomalías espaciales que se buscan identificar mediante EOF univariados y multivariados. Por último, el análisis de la evolución de la precipitación y las corrientes de aire según la alineación de los chorros sustenta la búsqueda de modos de co-variabilidad entre viento y precipitación en el Atlántico Sur."]

["zscheischler2018future.pdf", "Future climate risk from compound events", "El tema principal es el concepto de eventos compuestos, definidos como la combinación de múltiples impulsores y amenazas climáticas que contribuyen al riesgo social o ambiental. El objetivo del estudio es proponer un marco de trabajo para la investigación de estos eventos, fomentando un cambio de paradigma hacia enfoques centrados en el impacto para mejorar las evaluaciones de riesgo.", "El artículo aborda la brecha de conocimiento existente debido a que los métodos tradicionales de evaluación de riesgos suelen considerar solo un impulsor o amenaza a la vez, lo que puede subestimar significativamente el riesgo real. También discute la falta de herramientas y marcos teóricos que integren explícitamente las dependencias entre procesos físicos y escalas espaciotemporales en las proyecciones climáticas.", "El estudio reconoce que aún no se aborda plenamente cómo cuantificar las probabilidades de eventos extremadamente raros sin análogos históricos, dejando abierta la necesidad de desarrollar enfoques de narrativas o 'storylines'. Asimismo, queda pendiente una integración profunda de las actividades humanas cambiantes y sus interacciones con los eventos compuestos dentro de los modelos climáticos.", "Este documento aporta una base teórica fundamental para el estudio propuesto sobre ciclones extratropicales al clasificar explícitamente la combinación de vientos y precipitaciones extremas como un evento compuesto crítico. Específicamente, respalda el uso de un enfoque centrado en el ciclón para identificar dependencias multivariadas, lo cual es coherente con el análisis de EOF multivariado (MEOF) planteado para extraer modos acoplados de co-variabilidad. Además, proporciona evidencia de que los vientos y las precipitaciones extremas suelen ocurrir conjuntamente, aumentando el riesgo de daños en infraestructuras, lo que justifica la estratificación por intensidad dinámica y fase del ciclo de vida del ciclón. El texto también valida el análisis de la distribución espacial de los máximos mediante la discusión sobre la importancia de las dependencias espaciales y temporales en los impactos de inundaciones costeras y tormentas. Finalmente, la recomendación de usar métodos de corrección de sesgo multivariado refuerza la necesidad de herramientas estadísticas robustas como la estimación de densidad de kernel (KDE) para caracterizar correctamente las colas de las distribuciones de magnitud."]

["blanchard2021warm.pdf", "Mid-level convection in a warm conveyor belt accelerates the jet stream", "El estudio tiene como objetivo examinar el flujo de salida de la cinta transportadora cálida (WCB) a escala fina e investigar los efectos diabáticos de las nubes en la WCB durante una ventana de 12 horas. Para ello, utiliza observaciones detalladas de radar Doppler aerotransportado y gotasondas junto con simulaciones numéricas de alta resolución que permiten la convección. El tema central es determinar cómo la convección de nivel medio dentro de las WCB influye en la intensidad de la corriente en chorro y en la dinámica de gran escala.", "La investigación aborda la brecha de conocimiento sobre el impacto de las estructuras de mesoescala con vorticidad potencial (PV) negativa en las cintas transportadoras cálidas sobre la dinámica de gran escala, un tema que aún se debate. También proporciona información sobre la representación de procesos de nubes en modelos meteorológicos, considerada una fuente importante de incertidumbre para los pronósticos aguas abajo. Específicamente, vincula la formación de bandas de PV negativa con la convección de nivel medio mediante análisis lagrangianos y herramientas de agrupamiento.", "El estudio no aborda el papel de otros tipos de convección organizada, distintos a la de nivel medio, en la creación de bandas coherentes de PV negativa. Tampoco profundiza en las causas de las deficiencias de los esquemas de parametrización para representar corrientes ascendentes que no se originan en la capa límite. Además, deja abierta la investigación sobre el impacto específico que estas estructuras de mesoescala tienen en la circulación de gran escala a plazos más largos.", "Este artículo puede contribuir significativamente al estudio propuesto al proporcionar un marco físico detallado sobre la relación entre la convección en ciclones extratropicales y la aceleración del viento en niveles altos. El artículo demuestra cuantitativamente que los procesos diabáticos de las nubes aumentan la velocidad máxima del viento en el chorro de 38 m s'-1' a 42 m s'-1'. Además, identifica celdas convectivas de nivel medio con velocidades verticales de hasta 1 m s'-1' que generan dipolos horizontales de PV con valores inferiores a -2 PVU. Estas celdas se localizan específicamente sobre un chorro de niveles bajos con vientos de 25 m s'-1'. El uso de trayectorias lagrangianas y herramientas de agrupamiento en el artículo ofrece una metodología técnica robusta para estratificar los ascensos y caracterizar su impacto dinámico. Tales evidencias técnicas y metodológicas permitirían al nuevo estudio refinar la interpretación de los patrones de co-variabilidad entre precipitación y máximos de viento identificados mediante MEOF."]

["browning1986conceptual_rev.pdf", "MODELOS CONCEITUAIS DE SISTEMAS DE PRECIPITAÇÃO", "El estudio presenta una revisión de modelos conceptuales de sistemas de precipitación para mejorar la interpretación de imágenes de radar y satélite en el pronóstico inmediato. El objetivo principal es proporcionar un marco conceptual que permita a los pronosticadores comprender los patrones de nubes y precipitación mediante factores dinámicos y de mesoescala. Se analizan estructuras como cintas transportadoras, bandas de lluvia y sistemas convectivos tanto en latitudes medias como tropicales.", "Aborda la insuficiencia de los modelos frontales clásicos de la escuela noruega para explicar detalles de mesoescala en sistemas de precipitación modernos. El estudio llena el vacío en la interpretación de imágenes satelitales y de radar al vincular patrones visuales con procesos dinámicos específicos como las cintas transportadoras. También sistematiza el conocimiento sobre la organización de la precipitación en bandas estrechas y anchas dentro de sistemas frontales.", "El artículo excluye explícitamente el análisis detallado de tormentas individuales y los efectos del terreno en los sistemas de precipitación. No profundiza en la obtención de información térmica de mesoescala, reconociendo las dificultades técnicas para recuperar sondeos satelitales en áreas con nubes. Asimismo, deja abierta la integración operativa completa de estos modelos con las salidas de modelos numéricos de mesoescala modernos.", "Sí, este trabajo aporta una base teórica fundamental sobre las cintas transportadoras y la organización de la precipitación que complementa el análisis lagrangiano del estudio propuesto. Proporciona modelos de flujo como la cinta transportadora caliente, que transporta calor y humedad hacia los polos, y la fría, que se origina en flujos anticiclónicos de bajos niveles. Define bandas de precipitación de mesoescala, como las tipo U con anchos de aproximadamente 50 km y longitudes de cientos de kilómetros, que podrían identificarse en los mapas de densidad 2D y EOF univariados. El concepto de ana frente y cata frente ayuda a explicar la distribución espacial de los máximos de viento y lluvia según el levantamiento inclinado hacia atrás o adelante. Además, describe estructuras como la confluencia en chorros de bajos niveles con cizalladura ciclónica de 10^-2 s^-1, lo cual ofrece un marco físico para interpretar la intensidad dinámica basada en la vorticidad relativa a 850 hPa. Finalmente, la descripción del ciclo de vida de los sistemas convectivos ayuda a contextualizar la estratificación por fases (incipiente, intensificación, madurez, decaimiento) utilizada en la caracterización de los ciclones extratropicales."]

["chen2024evaluation.pdf", "Evaluation of ERA5 precipitation and 10-m wind speed associated with extratropical cyclones using station data over North America", "El tema principal es la evaluación de la capacidad del reanálisis ERA5 para representar la velocidad del viento a 10 metros y la precipitación horaria asociadas a ciclones extratropicales sobre América del Norte entre 2005 y 2019. El objetivo es cuantificar el desempeño de ERA5 utilizando datos de estaciones terrestres como referencia, analizando tanto promedios espaciales como extremos locales dentro de los ciclones. El estudio busca destacar las limitaciones de estos productos de reanálisis en aplicaciones de evaluación de riesgos e impactos climáticos.", "El estudio aborda la falta de cuantificación sobre la habilidad de ERA5 para representar las variables de impacto de los ciclones extratropicales específicamente sobre tierra firme. Mientras que investigaciones previas se centraban en regiones geográficas fijas o en ciclones oceánicos, este trabajo se enfoca en el continente donde el terreno complejo y la heterogeneidad del suelo presentan mayores desafíos para los modelos. De esta manera, evalúa la fiabilidad del reanálisis para eventos que afectan directamente las actividades humanas en América del Norte.", "El estudio no aborda el análisis de tendencias a largo plazo ni cambios en la frecuencia o intensidad de los ciclones bajo escenarios de cambio climático futuro. Tampoco profundiza en los mecanismos físicos específicos detrás de los sesgos identificados, como detalles de la parametrización de procesos convectivos o interacciones aire-mar en zonas costeras. Asimismo, la evaluación se limita a América del Norte central y oriental, dejando fuera las regiones occidentales con topografía muy elevada donde el algoritmo de seguimiento es menos confiable.", "Este artículo aporta evidencia técnica crucial sobre el desempeño de ERA5 en la representación de máximos de viento y precipitación, validando el uso de reanálisis para caracterizar ciclones extratropicales. Específicamente, muestra que ERA5 tiene un buen desempeño para promedios espaciales de viento con un error cuadrático medio normalizado (NRMSE) del 14.3 por ciento y una correlación de 0.92, aunque tiende a subestimar los valores altos en un 10.2 por ciento. Para la precipitación, el estudio revela una mayor incertidumbre con un NRMSE del 56.5 por ciento y una subestimación sistemática de los extremos del 22.6 por ciento en los casos más intensos. Además, confirma que la habilidad del modelo disminuye notablemente durante el verano boreal debido a la naturaleza convectiva de la precipitación, con una caída de la correlación a 0.78. Estos hallazgos justifican la necesidad de utilizar marcos estadísticos avanzados, como los propuestos en el estudio del usuario, para manejar la variabilidad y los sesgos en los máximos de los ciclones. Los resultados sobre sesgos negativos en regiones de terreno complejo y la degradación del rendimiento en extremos locales proporcionan una base cuantitativa para interpretar correctamente las distribuciones de probabilidad y los modos de variabilidad que el usuario busca extraer."]

["clark2018sting.pdf", "Sting jets in extratropical cyclones: a review", "El tema principal de este artículo es la revisión del estado actual del conocimiento sobre los sting jets (SJ) en ciclones extratropicales, basándose en estudios teóricos, observacionales y de modelado. El objetivo es proporcionar una definición consistente del fenómeno, sintetizar los mecanismos que conducen a su formación y mantenimiento, y aclarar conceptos erróneos presentes en la literatura científica. El estudio concluye que existe un continuo de mecanismos de descenso y aceleración del SJ, desde el descenso balanceado por frontólisis hasta el reforzado por inestabilidad simétrica condicional.", "El artículo aborda la falta de una definición precisa y unificada del SJ, así como la incertidumbre sobre los procesos físicos específicos que causan su descenso y aceleración. También examina las limitaciones en la detección de estos jets mediante observaciones rutinarias y la necesidad de resoluciones específicas en modelos numéricos para capturarlos adecuadamente. Además, busca disipar ocho mitos y malentendidos comunes que han surgido en investigaciones previas sobre su origen y características.", "El estudio identifica la climatología global de los SJ y la interacción detallada entre la capa límite atmosférica y estos jets como áreas específicas donde se requiere más investigación. Aunque se centra en el Atlántico Norte, deja abierta la cuestión de la prevalencia y las características de los SJ en otras regiones, como el track de tormentas del Pacífico. Tampoco establece una separación definitiva entre los efectos de la dinámica frontal y las inestabilidades de mesoescala debido a su compleja interacción.", "Este artículo puede contribuir significativamente al estudio propuesto al proporcionar un marco conceptual y físico detallado sobre los SJ, los cuales representan máximos de viento localizados en ciclones extratropicales. La revisión confirma que los SJ se asocian con la fase de fractura frontal y se localizan en el sector frío, desplazándose hacia el sur del centro del ciclón, lo que complementa la estratificación por fases y regiones de génesis del estudio sugerido. Técnicamente, el artículo valida el uso de diagnósticos de inestabilidad como la DSCAPE y la MPV negativa para identificar regiones propensas a estos máximos, herramientas que podrían integrarse en el análisis de las PDF y KDE mencionadas. Asimismo, la descripción de la evolución del SJ desde niveles medios (4-5 km) hasta la superficie (10m) proporciona evidencia cuantitativa sobre la distribución vertical de la cantidad de movimiento. El artículo también destaca que la resolución horizontal menor a 10-15 km y una resolución vertical de 200-300 m en la troposfera media son críticas para representar estos fenómenos de mesoescala con precisión. Finalmente, la discusión sobre el continuo de mecanismos, desde la frontólisis hasta la CSI, ofrece una base teórica para interpretar los modos de variabilidad y colocalización que se pretenden extraer mediante EOF multivariados."]

["dossantos2023response.pdf", "The Response of Southwest Atlantic Storm Tracks to Climate Change in the Brazilian Earth System Model", "El tema principal del estudio es la caracterización de las trayectorias de las tormentas en el Atlántico Sudoccidental y su respuesta al cambio climático bajo diferentes escenarios de emisiones de gases de efecto invernadero. El objetivo es evaluar el desempeño del modelo BESM-OA 2.5 comparando sus resultados históricos con el reanálisis ERA5 para entender sus sesgos. Finalmente, se busca proyectar cambios futuros en la inestabilidad baroclínica, la energía cinética y el flujo de calor meridional utilizando los escenarios RCP4.5 y RCP8.5.", "El estudio aborda la brecha de conocimiento sobre el comportamiento específico de las trayectorias de tormentas en el Atlántico Sur utilizando el Modelo del Sistema Terrestre Brasileño (BESM). Analiza cómo variables clave como la inestabilidad baroclínica, el flujo de calor meridional y la energía cinética se ven alteradas por el aumento antropogénico de CO2. También evalúa la capacidad de un modelo climático desarrollado localmente para representar procesos sinópticos complejos en comparación con reanálisis globales de alta resolución.", "El estudio no aborda el análisis detallado de la distribución espacial y la magnitud de los máximos de viento y precipitación utilizando un marco lagrangiano centrado en el ciclón, ya que emplea un enfoque principalmente euleriano. Tampoco profundiza en la estratificación de los ciclones por regiones de génesis específicas ni por sus fases del ciclo de vida de manera individualizada. No utiliza herramientas estadísticas como el KDE 1D y 2D o el EOF multivariado para identificar modos acoplados de co-variabilidad entre viento y precipitación.", "Este artículo puede contribuir significativamente al proporcionar una base comparativa sobre los sesgos del modelo BESM y el reanálisis ERA5 en la representación de la inestabilidad baroclínica (BI), fundamental para la génesis de ciclones. Ofrece evidencia cuantitativa de subestimaciones de la BI en latitudes medias durante el verano y sobreestimaciones en primavera, lo cual es relevante para contextualizar la intensidad dinámica de los ciclones estratificados. Reporta valores específicos de energía cinética (KE) y flujo de calor meridional (MHF), como máximos de KE de 60 m2s-2 en invierno según ERA5 frente a 45 m2s-2 en BESM, permitiendo comparar magnitudes de máximos extraídos. Además, documenta un desplazamiento hacia el polo de las trayectorias de tormentas de aproximadamente 10 grados en verano y otoño en el modelo BESM, lo que influye en la distribución espacial de los máximos de viento y precipitación. El uso del reanálisis ERA5 con resolución de 31 km y niveles atmosféricos desde 10m hasta 80km proporciona una referencia espacial y vertical compatible con el estudio de máximos de viento a 10m y 100m. Por último, la validación de las áreas de mayor ciclogénesis frente a la costa de América del Sur refuerza la identificación de regiones críticas para la extracción de anomalías espaciales mediante EOF."]

["gentile2023observed.pdf", "Attribution of observed extreme marine wind speeds and associated hazards to midlatitude cyclone conveyor belt jets near the British Isles", "El tema principal es la vinculación sistemática entre los chorros de cintas transportadoras en ciclones extratropicales y las velocidades extremas de viento, ráfagas y altura de olas observadas en los mares que rodean las Islas Británicas. El objetivo es desarrollar una climatología de estos eventos extremos entre 2012 y 2020, utilizando un algoritmo para atribuirlos objetivamente a características específicas del ciclón. Esto busca mejorar la evaluación del riesgo compuesto de viento y olas para las industrias marinas y diagnosticar sesgos en modelos de reanálisis.", "El estudio aborda la falta de investigaciones basadas en observaciones directas de superficie para caracterizar vientos y olas extremos en los mares del Atlántico Norte que rodean las Islas Británicas. Cubre la necesidad de entender físicamente los patrones de circulación asociados a peligros marinos mediante la atribución objetiva de eventos extremos a las corrientes de aire del ciclón. Además, cuantifica sistemáticamente los sesgos del reanálisis ERA5 en la representación de estos extremos vinculados a características de mesoescala.", "El estudio no aborda la clasificación de características de escala muy fina como las líneas convectivas o el chorro de aguijón (sting jet) debido a la resolución relativamente gruesa del modelo ERA5 utilizado para el diagnóstico frontal. Tampoco profundiza en el impacto de la lluvia o la contaminación por precipitación en los datos, un problema común en conjuntos de datos satelitales que aquí se evita mediante el uso de estaciones de superficie. Por último, deja abierta la evaluación con nuevos productos de reanálisis de mayor resolución, como CERRA o NEWA, para una atribución más precisa de procesos de mesoescala.", "Este artículo aporta evidencia técnica valiosa para el estudio propuesto al identificar los mecanismos dinámicos (jets) que generan los máximos de viento y olas en ciclones maduros, lo cual complementa la estratificación por fase del ciclo de vida. Los resultados muestran que el jet CCBb, típico de ciclones maduros, es responsable del 46% al 59% de los eventos de viento extremo y lidera los peligros compuestos con 37 eventos detectados. Provee datos cuantitativos sobre la estructura de la capa límite, indicando que el CCBb presenta alturas medianas hasta 250 m superiores a otros jets, lo que favorece la mezcla vertical de momento. También detalla que el ERA5 subestima sistemáticamente las ráfagas extremas asociadas al CCBb en un valor mediano de 5.5 m/s, lo que representa un error del 25.5%. Esta información permite validar y refinar el análisis de los modos de co-variabilidad entre viento y precipitación en el Atlántico mediante un marco lagrangiano similar centrado en el ciclón. Finalmente, el estudio destaca que el jet CCBa, aunque menos frecuente en vientos, es altamente peligroso en eventos compuestos de olas, aportando 24 casos en el Mar del Norte."]

["gentile2025response.pdf", "Response of Extreme North Atlantic Midlatitude Cyclones to a Warmer Climate in the GFDL X-SHIELD Kilometer-Scale Global Storm-Resolving Model", "El estudio investiga el impacto de un aumento de 4 K en las temperaturas de la superficie del mar en los ciclones de latitudes medias del hemisferio norte utilizando el modelo de resolución de tormentas globales X-SHIELD. El objetivo principal es analizar los cambios en la densidad de las trayectorias, la intensidad y la estructura de mesoescala de estos ciclones, centrándose especialmente en los sectores cálido y frío. Se busca proporcionar una perspectiva realista sobre los riesgos cambiantes que plantean estos sistemas en un clima más cálido.", "Aborda la limitación de los modelos de circulación general tradicionales (GCM) de baja resolución para capturar con precisión las características de mesoescala de los ciclones, como los sectores cálido y frío. Los modelos CMIP suelen subrepresentar estas estructuras debido a su resolución gruesa y a la dependencia de parametrizaciones para procesos como la convección profunda. El uso del modelo X-SHIELD de escala kilométrica permite una representación explícita de la convección y una evaluación más detallada de las respuestas estructurales al calentamiento.", "El estudio no aborda los mecanismos específicos que impulsan la intensificación del sector cálido, dejando su exploración fuera del alcance del documento. Tampoco considera los efectos de la disminución esperada en la capa de hielo marino durante el siglo XXI en sus simulaciones. Además, el uso de un calentamiento uniforme de la temperatura superficial del mar omite los posibles impactos de las variaciones regionales de estas temperaturas.", "Sí, este artículo puede contribuir significativamente al estudio propuesto al proporcionar datos de alta resolución sobre la distribución espacial de los vientos y la precipitación en ciclones extremos. El modelo X-SHIELD muestra que en el sector cálido de los ciclones extremos, las velocidades del viento a 10 m y la precipitación total aumentan hasta un 15% por grado de calentamiento, con incrementos de 1.0-1.5 m s-1 K-1 y 1.5-2.5 mm 6 hr-1 K-1 respectivamente. Estos hallazgos técnicos complementan el enfoque Lagrangiano del estudio propuesto al detallar cómo los máximos de viento y precipitación se localizan y evolucionan espacialmente respecto al centro del ciclón durante su ciclo de vida. Los resultados demuestran un desplazamiento hacia el este del pico de precipitación y una estructura de dipolo en los vientos de superficie debido al cambio en la posición del centro de presión. Además, la evidencia de que los vientos en el sector frío aumentan ligeramente en menos del 2% (0.5 m s-1 K-1) proporciona un contraste cuantitativo crucial para el análisis de distribución espacial. Finalmente, la capacidad del modelo para capturar la estructura de mesoescala refuerza el análisis de EOF multivariado al ofrecer campos de viento y precipitación más realistas y acoplados."]

["gozzo2017climatology.pdf", "Climatology and numerical case study of moisture sources associated with subtropical cyclogenesis over the southwestern Atlantic Ocean", "El estudio investiga el papel de la evaporación local y el transporte remoto de vapor de agua antes de la ciclogénesis subtropical en el Atlántico Sur sudoccidental. Su objetivo principal es identificar las fuentes de humedad que alimentan la actividad convectiva necesaria para el desarrollo de estos sistemas híbridos mediante un enfoque lagrangiano y experimentos numéricos. Los resultados destacan que el transporte anómalo desde latitudes bajas es esencial para la intensificación de estos ciclones sobre aguas relativamente frías.", "La investigación aborda la falta de conocimiento sobre la climatología del transporte de humedad asociado específicamente a los ciclones subtropicales en esta región. Aunque existen estudios de casos individuales, no se había realizado una evaluación sistemática de largo plazo utilizando modelos de dispersión de partículas lagrangianos para este tipo de sistemas. Además, clarifica la importancia relativa de las fuentes de humedad locales frente a las remotas en la formación del núcleo cálido y la intensidad del sistema.", "El estudio no aborda la aplicación de experimentos de sensibilidad a escala climatológica, sugiriendo esto como una línea de investigación futura para complementar los hallazgos actuales. Tampoco profundiza en la caracterización detallada de los máximos de viento a diferentes niveles de altura (como 10m y 100m) asociados específicamente a los ciclones. Asimismo, la investigación se limita al análisis de la humedad y no explora exhaustivamente otros parámetros dinámicos segmentados por la fase del ciclo de vida o la intensidad extrema basada en vorticidad relativa.", "Este artículo aporta evidencia técnica crucial sobre el transporte de humedad desde el sector norte del Anticiclón Subtropical del Atlántico Sur hacia la región de ciclogénesis entre 15S y 10S. Mediante el modelo Flexpart y reanálisis ERA-Interim (1980-2015), demuestra que el 55 por ciento de los eventos ocurren en verano y presentan una convergencia de flujo de humedad fortalecida previa a la génesis. El estudio cuantitativo mediante el modelo WRF revela que sin el flujo de humedad remoto, el ciclón CIC99 no desarrolla un núcleo cálido en niveles bajos (900-700 hPa) y su presión mínima central es significativamente mayor. Esta información es útil para el estudio propuesto ya que vincula la disponibilidad de humedad con la intensidad dinámica y proporciona un marco lagrangiano complementario al centrado en el ciclón. Además, confirma que la evaporación local, aunque secundaria, es necesaria para que el sistema alcance intensidades observadas y mantenga características subtropicales. Los mapas de anomalías de (E-P) integrados por 7 días ofrecen una base estadística para entender la distribución espacial de los precursores de precipitación que el estudio del usuario busca caracterizar."]

["hyeok2024extrem.pdf", "Dynamics of Extreme Surface Winds Inside North Atlantic Midlatitude Cyclones", "El estudio investiga las características dinámicas y termodinámicas de los vientos horizontales que inciden en la superficie del frente frío y las corrientes descendentes asociadas en ciclones extratropicales del Atlántico Norte. Su objetivo principal es demostrar que estas corrientes descendentes transportan el momento horizontal de niveles superiores hacia la superficie, intensificando los vientos en dicho nivel. Se propone que la convergencia térmica cerca del frente frío juega un papel crucial en la generación de estas corrientes.", "La investigación aborda la falta de comprensión sobre los procesos dinámicos que impulsan vientos superficiales intensos y corrientes descendentes específicamente alrededor del frente frío. Propone un marco dinámico basado en la continuidad de masa y la convergencia térmica para explicar la formación de estas corrientes descendentes cuando los vientos de niveles superiores son bloqueados por la superficie frontal. Además, examina la distribución espacial y la frecuencia de estos eventos dentro de la estructura del ciclón.", "El estudio no analiza ciclones en otras regiones de latitudes medias, como el Pacífico Norte, dejando abierta la cuestión de si los procesos físicos principales son similares allí. Tampoco profundiza en los mecanismos específicos que actúan en regiones costeras donde el contraste térmico tierra-mar podría potenciar el gradiente de temperatura potencial equivalente. Finalmente, el uso de datos ERA5 podría estar subestimando la velocidad real del viento debido a su resolución, sugiriendo la necesidad de investigaciones futuras con datos de mayor resolución o de campo.", "Este artículo puede contribuir significativamente al estudio mencionado al proporcionar un marco dinámico y estadístico sobre la relación entre corrientes descendentes y vientos extremos en ciclones. El análisis revela que los vientos superficiales intensos tienen una mayor probabilidad de ocurrir con corrientes descendentes fuertes, identificando más de 24,000 puntos de cuadrícula con corrientes superiores a 3.0 Pa/s frente a solo 1,569 para corrientes ascendentes extremas. Además, ofrece evidencia cuantitativa de que aproximadamente el 50% de los ciclones del Atlántico Norte presentan corrientes descendentes, especialmente al sur y oeste del centro del ciclón. El estudio también demuestra una relación cuasi-lineal entre el viento horizontal que fluye hacia el frente frío y las corrientes descendentes de niveles bajos. Estos hallazgos validan el uso de un enfoque lagrangiano para estratificar vientos por cuadrantes y fases del ciclo de vida, similar al estudio propuesto. La metodología empleada, que incluye el rastreo de ciclones a escala horaria y el análisis de gradientes de temperatura potencial equivalente, es directamente aplicable para caracterizar la distribución espacial de máximos de viento. Por último, el artículo confirma que la ubicación de estas corrientes descendentes migra del oeste al sureste siguiendo las regiones del frente frío a medida que el ciclón se desarrolla."]

["naud2020evaluation.pdf", "Evaluation of Modeled Precipitation in Oceanic Extratropical Cyclones Using IMERG", "El tema principal del estudio es la evaluación de las características de la precipitación en ciclones extratropicales oceánicos comparando datos de satélite IMERG con dos reanálisis y dos modelos climáticos. El objetivo es identificar sesgos sistemáticos en la frecuencia e intensidad de la precipitación dentro de un marco de referencia centrado en el ciclón. Además, se busca determinar cómo estas características responden a cambios en la humedad ambiental y la fuerza del ascenso dinámico.", "Este trabajo aborda la brecha de conocimiento existente sobre la descomposición de la precipitación media en ciclones extratropicales en sus componentes de frecuencia de ocurrencia e intensidad específica. Hasta este estudio, no se había realizado dicha distinción utilizando un marco de referencia centrado en el ciclón para evaluar el desempeño de modelos. Esta separación es crucial para entender si los errores en la precipitación total se deben a fallos en la frecuencia o en la tasa de lluvia cuando ocurre.", "El estudio deja abierta la brecha de conocimiento relativa a la distinción explícita entre precipitación de tipo convectivo y estratiforme dentro de las observaciones y modelos evaluados. Aunque se analiza la precipitación total, líquida y congelada, no se proporciona información separada sobre estos regímenes de lluvia específicos. Los autores señalan que esta delimitación sería un paso siguiente invaluable para proporcionar restricciones adicionales en la evaluación de modelos.", "Este artículo puede contribuir significativamente al estudio propuesto al proporcionar una metodología de evaluación centrada en el ciclón y datos cuantitativos sobre sesgos en modelos que coinciden con variables de interés como el viento y la precipitación. Específicamente, ofrece evidencia de que los modelos sobreestiman la frecuencia de precipitación en áreas de subsidencia hasta en más del 100% y subestiman la intensidad en regiones de ascenso en un 50%. Además, el análisis de sensibilidad muestra que la intensidad de la precipitación está fuertemente impactada por la fuerza del ascenso vertical, con una correlación pequeña de r=-0.14 entre el ascenso y la humedad ambiental. Estos hallazgos sobre la estructura espacial comma de la precipitación y su relación con el ascenso a 500 hPa complementan el uso de EOF y KDE propuesto para caracterizar máximos de viento y lluvia. El estudio también documenta cómo la escala temporal de los datos afecta la magnitud de los máximos de precipitación, lo cual es relevante para la estratificación por fases del ciclo de vida. Finalmente, la comparación entre IMERG y reanálisis como MERRA-2 y ERA-Interim proporciona una base técnica para validar la distribución espacial de anomalías en el Atlántico Sur."]

["shapiro1990life.pdf", "Fronts, Jet Streams and the Tropopause", "El estudio revisa las interpretaciones históricas y contemporáneas sobre la estructura y dinámica de los frentes, las corrientes en chorro y la tropopausa. Su objetivo principal es mostrar cómo los avances tecnológicos en sistemas de observación y simulación numérica han permitido resolver controversias previas. Se centra en describir la evolución de estos sistemas atmosféricos y los procesos físicos que gobiernan sus ciclos de vida.", "El trabajo aborda la falta de consenso histórico respecto a la estructura de los frentes de niveles altos y su relación con la ruptura de la tropopausa. Resuelve la incertidumbre sobre la existencia de discontinuidades frontales verticales y de masa de aire dentro de la estratosfera mediante el uso de aeronaves e instrumentos avanzados. Además, actualiza el modelo conceptual noruego de ciclones, que permaneció casi inalterado durante décadas pese a las limitaciones en observaciones de superficie.", "El texto no profundiza en la caracterización estadística regional de los máximos de viento y precipitación en el Atlántico Sur bajo un enfoque Lagrangiano. Tampoco aborda la estratificación específica por regiones de génesis como SBR, LPB o ARG ni la segmentación por intensidad dinámica basada en la vorticidad relativa a 850 hPa. La investigación deja abierta la aplicación de técnicas de funciones ortogonales empíricas multivariadas para estudiar la co-variabilidad entre viento y precipitación en ciclones extratropicales modernos.", "Este artículo contribuye proporcionando una base teórica y conceptual fundamental sobre la evolución del ciclo de vida de los ciclones extratropicales marinos y sus frentes asociados. Específicamente, el capítulo 10.4 detalla las fases del ciclo de vida mediante simulaciones numéricas y estudios observacionales que podrían validar la estratificación por fases propuesta en el estudio del Atlántico Sur. Aunque no utiliza KDE o MEOF, ofrece descripciones físicas de la estructura frontal y la corriente en chorro que fundamentan la interpretación de los patrones de anomalías espaciales. La sección 10.3 analiza la interacción entre frentes y sistemas de precipitación mesoconvectiva, lo cual es relevante para entender la magnitud de los máximos de precipitación mencionados. El trabajo también documenta escalas espaciales de frentes de unos 100 km y profundidades de 1 km que sirven de referencia para el análisis de cuadrantes. Finalmente, su revisión de modelos conceptuales desde Bjerknes hasta simulaciones modernas permite situar los hallazgos de variabilidad dinámica dentro de un marco meteorológico histórico y global consolidado."]

["stankovic2025surface.pdf", "Surface Wind Extremes Are Stronger in the Northern Hemisphere Oceans than in the Southern Ocean", "El estudio tiene como objetivo determinar si los vientos superficiales extremos son más intensos en el Océano Austral o en las cuencas del Hemisferio Norte. Los autores analizan la distribución espacial y temporal de las velocidades del viento a 10 metros mediante datos de satélite y reanálisis. La investigación busca cuantificar las diferencias interhemisféricas y evaluar su relación con la actividad de los ciclones extratropicales.", "El trabajo aborda la incertidumbre sobre cuál hemisferio posee los vientos extremos más fuertes, contrastando con el conocimiento establecido de que el Hemisferio Sur tiene los vientos promedio más altos. También investiga la estacionalidad de estos eventos extremos y su vinculación directa con ciclones invernales. Además, explora los mecanismos dinámicos de gran escala, como la baroclinicidad, que podrían explicar las asimetrías detectadas.", "El estudio no proporciona una comprensión mecánica completa de cómo las asimetrías hemisféricas, como las ondas estacionarias o gradientes térmicos, se traducen exactamente en frecuencias de tormentas extremas. Asimismo, deja abierta la investigación sobre procesos de mesoescala como los sting jets o las cintas transportadoras cálidas en la generación de vientos extremos. Tampoco logra concluir sobre la existencia de tendencias lineales claras a largo plazo debido a inconsistencias entre diferentes conjuntos de datos.", "Este artículo aporta evidencia técnica clave al confirmar que los vientos extremos de 10 m ocurren predominantemente dentro de un radio de 1,000 km de los ciclones invernales, lo cual respalda el enfoque lagrangiano propuesto. Proporciona datos cuantitativos específicos, como que los percentiles 98 y 99.9 son estadísticamente más altos en el Hemisferio Norte durante el invierno. El análisis muestra que en el Atlántico Norte aproximadamente el 61 por ciento de las superaciones del percentil 98 ocurren en invierno, con un 81 por ciento de estas localizadas dentro de ciclones. Además, el estudio documenta que la asimetría se explica mayormente por la distribución de vientos dentro del ciclón, lo cual es fundamental para estratificar por intensidad dinámica. También ofrece una comparativa de la energía cinética eddie verticalmente integrada y tasas de crecimiento de Eady, útiles para caracterizar la fase de madurez y evolución del ciclo de vida. Por último, el hallazgo de que el Atlántico Norte tiene las colas de distribución más gruesas en vientos de 700 hPa refuerza la necesidad de analizar máximos en diferentes niveles de la atmósfera."]

["weglarczyk2018kernel.pdf", "Kernel density estimation and its application", "El tema principal es la estimación de densidad por kernel (KDE) como técnica para estimar funciones de densidad de probabilidad de forma suave y precisa. El objetivo es mostrar las ventajas de esta técnica frente al histograma tradicional, ilustrando su aplicación práctica en casos univariados y bivariados con datos reales. Se enfoca especialmente en la importancia crítica de la elección de la función kernel y el parámetro de suavizado.", "El estudio aborda la subjetividad inherente a los histogramas tradicionales, cuya forma depende excesivamente del número de intervalos y el punto inicial. Resuelve el problema del agrupamiento de datos (binning) que oculta la ubicación individual de los puntos, permitiendo una representación continua. Además, trata la dificultad de definir la orientación de contenedores en histogramas bidimensionales mediante el uso de estimaciones de kernel bivariadas.", "El documento no profundiza en métodos avanzados para resolver la 'maldición de la dimensionalidad' en aplicaciones de más de dos variables, limitándose a mencionarla como un desafío. Tampoco establece un criterio universalmente superior para la elección del parámetro de suavizado, reconociendo que sigue habiendo un componente subjetivo en este proceso. Finalmente, aunque sugiere la multimodalidad, deja abierta la necesidad de pruebas estadísticas adicionales para confirmar fehacientemente su existencia.", "Este artículo es sumamente útil para el estudio de ciclones extratropicales ya que proporciona el fundamento teórico y las herramientas metodológicas para aplicar las técnicas de KDE 1D y 2D mencionadas en su propuesta. Específicamente, ofrece definiciones y fórmulas detalladas para estimadores de kernel simétricos y bivariados que pueden usarse para estimar las distribuciones de magnitud de vientos y precipitación, así como para mapear su densidad espacial relativa al centro del ciclón. El texto explica cómo la KDE permite identificar patrones de multimodalidad, lo cual es relevante para diferenciar comportamientos en distintas fases del ciclo de vida o regiones de génesis. Además, el artículo describe métodos críticos para el estudio como la validación cruzada de mínimos cuadrados (LSCV) y la regla de Silverman para calcular el parámetro de suavizado óptimo, garantizando precisión estadística en el análisis de los máximos extraídos. También aborda soluciones técnicas para variables no negativas, como la precipitación, sugiriendo el uso de kernels asimétricos o transformaciones logarítmicas para evitar fugas de probabilidad por debajo de cero. En resumen, el trabajo de Węglarczyk valida y fortalece el marco estadístico necesario para caracterizar la distribución espacial y magnitud de los extremos meteorológicos en el Atlántico Sur."]

["wilks2019statistical_ch13.pdf", "Statistical Methods in the Atmospheric Sciences", "El estudio presenta los fundamentos y aplicaciones del Análisis de Componentes Principales (PCA), también conocido como análisis de Funciones Ortogonales Empíricas (EOF). Su objetivo es explicar cómo esta técnica reduce la dimensionalidad de grandes conjuntos de datos meteorológicos y geofísicos, permitiendo explorar variaciones espaciales y temporales dominantes mediante combinaciones lineales no correlacionadas. El texto detalla procedimientos matemáticos, criterios de truncamiento y métodos de rotación para facilitar la interpretación física de los modos de variabilidad.", "El documento aborda la necesidad de simplificar datos multivariados complejos donde existen altas correlaciones entre variables, eliminando la redundancia informativa. Resuelve la falta de conocimiento sobre cómo manejar escalas de medición heterogéneas mediante el uso de matrices de correlación y cómo determinar la significancia estadística de los autovalores extraídos. Además, ofrece soluciones técnicas para la visualización de estructuras espaciales y la gestión de datos faltantes en series temporales geofísicas.", "El texto no profundiza en la aplicación de técnicas de aprendizaje profundo o redes neuronales para la reducción de dimensionalidad no lineal, centrándose exclusivamente en métodos lineales tradicionales. Deja abierta la exploración de dinámicas no estacionarias complejas que requieren enfoques más allá de la estadística asintótica basada en la normalidad multivariada. Tampoco detalla la integración de PCA en modelos de asimilación de datos operativos en tiempo real.", "Este capítulo contribuye directamente al estudio propuesto al proporcionar el marco teórico y práctico para aplicar el análisis EOF univariado y multivariado (MEOF), herramientas centrales en la caracterización de ciclones extratropicales. Específicamente, fundamenta el uso de MEOF para extraer modos acoplados de co-variabilidad entre viento y precipitación, permitiendo identificar patrones espaciales dominantes como los requeridos en la estratificación por regiones de génesis. El texto explica cómo la rotación de vectores, mencionada en la sección 13.5, puede evitar patrones artificiales de Buell y mejorar la interpretación física de las fases del ciclo de vida del ciclón. Además, el uso de PCA para campos geofísicos detallado en la sección 13.2 valida la metodología de mapear elementos de autovectores para visualizar densidades espaciales en cuadrantes relativos al centro del sistema. Finalmente, los criterios de truncamiento discutidos, como la Regla N o el modelo de broken stick, ofrecen una base cuantitativa para decidir cuántos modos de variabilidad son representativos de la intensidad dinámica de los ciclones analizados."]

["cardoso2022synoptic.pdf", "Synoptic Climatology of Subtropical Cyclone Impacts on Near-Surface Winds Over the South Atlantic Basin", "El tema principal es la climatología de los impactos de los ciclones subtropicales en los vientos extremos de superficie y la precipitación en la cuenca del Atlántico Sur. El objetivo es investigar estas relaciones utilizando reanálisis de alta resolución y enfoques tanto eulerianos como lagrangianos. El estudio busca caracterizar cómo estos sistemas híbridos afectan las condiciones meteorológicas adversas cerca de la costa sureste de Brasil.", "El estudio aborda la falta de análisis climatológicos a largo plazo sobre los impactos de los vientos intensos y la precipitación asociados específicamente a ciclones subtropicales en el Atlántico Sur. Supera las limitaciones de estudios previos que se centraban únicamente en casos individuales o en la frecuencia de génesis sin detallar la distribución espacial de los impactos. También evalúa la representación de estos fenómenos comparando los reanálisis CFSR y ERA5.", "El estudio no aborda la investigación de los mecanismos físicos específicos detrás de la variabilidad interanual observada, mencionando que la influencia de modos de baja frecuencia como ENSO o SAM queda para trabajos futuros. Tampoco analiza las proyecciones futuras de estos impactos bajo escenarios de cambio climático, limitándose al periodo histórico 1979-2015. Además, la sección de precipitación no incluye datos de reanálisis, dependiendo exclusivamente del producto satelital TRMM.", "Sí, este artículo aporta evidencia técnica sobre la distribución espacial de máximos de viento y precipitación mediante un enfoque lagrangiano que sigue el centro del ciclón, similar al marco del estudio propuesto. Cuantitativamente, documenta que las anomalías positivas de viento se localizan al este y noreste de la región de génesis (RG1), con velocidades máximas que superan los 17 m s-1 y casos extremos que alcanzan hasta 30 m s-1. La precipitación muestra una banda organizada noroeste-sureste con anomalías positivas que atraviesan el sector centro-este del ciclón, asociadas a convergencia de flujo de humedad en niveles bajos y divergencia en niveles altos. Los datos confirman que el reanálisis CFSR tiende a mostrar vientos extremos 1 m s-1 más altos que ERA5 en la región RG1. Además, diferencia los patrones espaciales entre estaciones, señalando que las anomalías son más intensas y organizadas durante la estación fría."]

["corner2025classification.pdf", "Classification of North Atlantic and European extratropical cyclones using multiple measures of intensity", "El estudio tiene como objetivo clasificar los ciclones extratropicales (ETC) del Atlántico Norte y Europa utilizando múltiples medidas de intensidad de forma simultánea. Para ello, busca identificar qué métricas describen mejor la intensidad de los ETC de manera integral y no redundante. Finalmente, emplea estas medidas para agrupar los ciclones mediante un análisis de conglomerados y caracterizar cada grupo resultante.", "La investigación aborda la limitación de estudios previos que cuantifican la intensidad de los ETC basándose únicamente en una métrica o de forma independiente. Existe una falta de consenso sobre cuál es la mejor forma de medir la intensidad, ya que las métricas tradicionales no siempre se correlacionan bien con los impactos socioeconómicos. Al integrar medidas dinámicas y de impacto, el estudio busca un equilibrio óptimo para una descripción profunda y práctica de los sistemas.", "El estudio no aborda las causas de la variabilidad de los precursores de los ETC ni los mecanismos de forzamiento específicos dentro de los grupos identificados. Asimismo, deja abierta la cuestión de cómo estas clasificaciones podrían variar al utilizar diferentes conjuntos de datos de reanálisis o algoritmos de seguimiento. Tampoco profundiza en la atribución directa de los ciclos de vida de los ciclones a su evolución específica a partir de su entorno de génesis.", "Este artículo puede contribuir significativamente al estudio propuesto al proporcionar un marco metodológico para la selección de métricas de intensidad no redundantes, como la combinación de VO a 850 hPa, velocidad del viento y precipitación. Específicamente, el uso de técnicas como el análisis de componentes principales dispersos (sPCA) permitiría refinar la caracterización dinámica de los ciclones estratificados por regiones (SBR, LPB, ARG) y fases. El estudio demuestra que la intensidad dinámica tiene una correlación débil con medidas de impacto como la precipitación (r=0.47 entre PRECIP y VO), lo que respalda la necesidad del análisis multivariado EOF propuesto para extraer modos acoplados. Además, aporta evidencia sobre la utilidad del Storm Severity Index (SSI) para identificar tormentas de alto impacto, lo cual complementaría la caracterización de los máximos de viento y precipitación en el Atlántico Sur. Los resultados muestran que solo el 10% de los ciclones más intensos capturan la mayoría de los eventos dañinos, sugiriendo que la segmentación por intensidad extrema basada en la vorticidad relativa es un enfoque robusto."]

["coutodesouza2024new.pdf", "New perspectives on South Atlantic storm track through an automatic method for detecting extratropical cyclones' lifecycle", "El estudio presenta y aplica CycloPhaser, un nuevo paquete de Python de código abierto diseñado para la detección automática de las fases del ciclo de vida de los ciclones extratropicales. Su objetivo principal es proporcionar una metodología consistente y eficiente para analizar la evolución de estos sistemas en el Atlántico Sur, superando las limitaciones de los métodos tradicionales. A través de este análisis, se busca profundizar en la climatología regional identificando patrones comunes de desarrollo y regiones preferenciales para cada etapa.", "La investigación aborda la falta de herramientas integrales y robustas para identificar y clasificar todas las etapas del ciclo de vida de un ciclón, especialmente las fases incipiente y madura. Los métodos anteriores se centraban principalmente en las etapas de intensificación y decaimiento, dejando de lado los periodos donde las isobaras no están completamente cerradas. Además, mitiga la necesidad de procesar grandes volúmenes de datos de forma manual o con altos costos computacionales.", "El estudio no aborda el desarrollo vertical de los ciclones ni las interacciones complejas que ocurren a diferentes altitudes atmosféricas, ya que el análisis se limita principalmente al nivel de 850 hPa. Tampoco profundiza en la distinción física entre la verdadera génesis secundaria y la re-intensificación de sistemas existentes, dejando este tema fuera de su alcance. Finalmente, quedan abiertas preguntas sobre los procesos dinámicos específicos asociados a cada etapa de desarrollo y la influencia de variables como la precipitación.", "Este documento aporta evidencia técnica clave al proporcionar una base climatológica detallada del ciclo de vida de 28,458 ciclones en el Atlántico Sur, clasificándolos en fases como incipiente, intensificación, madura y decaimiento, lo cual es fundamental para estratificar los datos según la región de génesis y fase del ciclo. Ofrece estadísticas cuantitativas precisas, indicando que el tipo de ciclo más común (60% de los casos) sigue una configuración de cuatro fases con una duración promedio de 90.72 horas y un desplazamiento medio de 3,269 km. La herramienta CycloPhaser utiliza la derivada de la vorticidad relativa para delimitar estas fases, permitiendo una segmentación dinámica robusta que complementa el uso de la vorticidad a 850 hPa para definir la intensidad. Los mapas de densidad de trayectoria generados por el estudio (usando KDE) identifican regiones de génesis como ARG, LA-PLATA y SE-BR, lo cual coincide directamente con los criterios de estratificación del nuevo estudio. Además, el análisis de las etapas de intensificación y madurez proporciona contextos espaciales específicos, como la concentración de sistemas maduros cerca de los 70 S y 30 E, que pueden validar los patrones de anomalías espaciales identificados mediante EOF. El uso de filtros como Lanczos y Savitzky-Golay en el procesamiento de la vorticidad ofrece un marco de referencia técnico para el manejo de ruido en datos de alta resolución como ERA5. Finalmente, la identificación de etapas de re-intensificación y residuos ayuda a caracterizar casos extremos y anomalías en la distribución de máximos de viento y precipitación."]

["eisenstein2023identification.pdf", "Identification of high-wind features within extratropical cyclones using a probabilistic random forest - Part 2: Climatology over Europe", "El estudio tiene como objetivo elaborar la primera climatología objetiva a largo plazo de las características del viento de mesoescala asociadas a ciclones extratropicales en Europa. Utiliza la herramienta RAMEFI para identificar y analizar cuatro tipos de corrientes de viento: el chorro cálido, el chorro frío, la convección frontal fría y el viento del sector frío. El análisis se basa en 19 temporadas de invierno extendidas utilizando reanálisis regionales de alta resolución y observaciones de estaciones.", "La investigación aborda la falta de estudios estadísticos objetivos a largo plazo sobre la frecuencia de ocurrencia, distribución geográfica y características físicas de las estructuras de viento de mesoescala. Supera las limitaciones de climatologías previas que eran subjetivas, de corta duración o geográficamente restringidas a áreas pequeñas como el Reino Unido. Además, proporciona un marco sistemático para entender cómo estas características evolucionan a lo largo del ciclo de vida del ciclón y su ubicación relativa al centro del mismo.", "El estudio no realiza una validación sistemática del método RAMEFI en áreas oceánicas, basándose solo en inspecciones subjetivas de casos específicos para estas zonas. Tampoco profundiza en el análisis de la duración de las características del viento debido al tamaño limitado del dominio de estudio, que a menudo no cubre el ciclo de vida completo de los ciclones. Finalmente, deja abierta la exploración de cómo los errores de pronóstico específicos de cada característica pueden corregirse estadísticamente para mejorar las alertas meteorológicas.", "Sí, este artículo puede contribuir significativamente al estudio propuesto al proporcionar un marco objetivo para clasificar y localizar estructuras de viento de mesoescala dentro de un sistema lagrangiano centrado en el ciclón. El uso de RAMEFI permite identificar el chorro frío (CJ), que suele causar los vientos más intensos con una mediana de 15 m/s y percentiles 99 superiores a 25 m/s. Los resultados muestran que el chorro cálido (WJ) y la convección frontal fría (CFC) alcanzan su punto máximo de ocurrencia unas 6 y 4 horas antes de la profundidad máxima del ciclón, respectivamente. Por el contrario, el chorro frío (CJ) y el sector frío (CS) presentan sus picos de frecuencia cerca del momento de máxima intensidad dinámica del ciclón. La CFC, aunque es la menos común con menos del 1% de frecuencia, genera las ráfagas más altas después del CJ, alcanzando hasta 35 m/s y el mayor factor de ráfaga de 3. El estudio también cuantifica la distribución espacial, situando al WJ principalmente en el cuadrante sureste a una distancia de entre 250 y 1500 km del centro, mientras que el CS domina el cuadrante suroeste. Estos datos técnicos sobre magnitud, temporalidad y ubicación espacial de máximos de viento y precipitación (asociada a CFC) complementan directamente la caracterización estadística y dinámica buscada en el Atlántico Sur."]

["evans2012climatology.pdf", "A Climatology of Subtropical Cyclones in the South Atlantic", "El tema principal es la creación y el análisis de la primera climatología de ciclones subtropicales en el Atlántico Sur durante un periodo de 50 años. El objetivo es documentar sus características, variabilidad temporal y mecanismos de formación para proporcionar un contexto regional que antes no existía. Se busca entender cómo estos sistemas híbridos operan en un entorno de cizalladura vertical fuerte y temperaturas superficiales del mar relativamente frías.", "El estudio aborda la falta de una climatología de ciclones subtropicales en el Atlántico Sur, lo que impedía evaluar la probabilidad de eventos como el huracán Catarina. Identifica mecanismos de génesis específicos de la región, como la ciclogénesis de sotavento cerca de los Andes, que no se observan en el Atlántico Norte. Además, cuantifica las diferencias ambientales de cizalladura y temperatura entre ambas cuencas oceánicas.", "El estudio deja abierta la cuestión de los impactos potenciales del cambio climático en la ciclogénesis subtropical y tropical en el Atlántico Sur. Aunque identifica una relación entre la actividad de estos ciclones y la zona de confluencia Brasil-Malvinas, señala que un periodo de 30 años es insuficiente para establecer una causalidad definitiva. Tampoco profundiza en los mecanismos detallados que rigen la transición tropical completa de estos sistemas en la región.", "Sí, este documento aporta evidencia técnica sobre la génesis y distribución de ciclones en regiones clave como el sur de Brasil y la cuenca de La Plata. Identifica 63 sistemas en 50 años con una cizalladura vertical mediana de 28 m/s y temperaturas superficiales del mar de aproximadamente 18 grados Celsius al momento de la génesis. Proporciona mapas de anomalías de viento a 300 hPa y presión a nivel del mar que facilitan la comparación de patrones espaciales. Destaca que el 75 por ciento de la génesis ocurre entre los 20 y 40 grados sur y los 60 y 30 grados oeste, coincidiendo con las áreas de estudio propuestas. Sus hallazgos sobre la ciclogénesis de sotavento y la influencia de la Corriente de Brasil validan la segmentación por regiones de génesis del nuevo estudio. Además, el análisis del ciclo de vida y la estructura híbrida complementa el marco lagrangiano centrado en el ciclón para caracterizar máximos de viento."]

["gozzo2013air.pdf", "Air-Sea Interaction Processes Influencing the Development of A Shapiro-Keyser Type Cyclone over the Subtropical South Atlantic Ocean", "El estudio analiza los impactos de los intercambios de calor sensible y latente entre el océano y la atmósfera en el desarrollo de un ciclón de tipo Shapiro-Keyser en el Atlántico Sur subtropical. El objetivo principal es investigar cómo estos flujos influyen en la trayectoria, la intensidad de los frentes y el acoplamiento vertical entre la baja y alta troposfera utilizando el modelo numérico WRF. Se busca determinar la importancia de los procesos de interacción aire-mar para reproducir las características observadas de este sistema no explosivo.", "La investigación aborda la falta de consenso sobre el papel de los flujos de calor superficiales en el movimiento y la trayectoria de los ciclones extratropicales, presentando resultados contradictorios en estudios previos. También explora específicamente el impacto de estos flujos en la estructura frontal y la formación de reclusiones cálidas en ciclones de tipo Shapiro-Keyser en el Atlántico Sur, una región con estudios limitados sobre este tipo particular de sistemas. Además, clarifica cómo la ausencia de flujos provoca un desacoplamiento entre las ondas de niveles bajos y altos, inhibiendo la intensificación del sistema.", "El estudio no aborda la contribución individual y aislada de los flujos de calor latente frente a los de calor sensible, dejando este análisis para investigaciones futuras. Tampoco examina en detalle los cambios en la estabilidad de la baja troposfera ni los procesos específicos dentro de la capa límite durante el ciclo de vida del ciclón. Finalmente, deja abierto un estudio más profundo de los procesos frontogenéticos que actúan en este tipo de sistemas.", "Este artículo es altamente relevante para el estudio propuesto ya que proporciona un análisis detallado de la evolución de un ciclón en el Atlántico Sur bajo el marco de Shapiro-Keyser, permitiendo contrastar la distribución de variables como el viento y la precipitación. El trabajo utiliza herramientas comparables al análisis Lagrangiano, evaluando la intensidad y ubicación de máximos de precipitación y viento en relación al centro del ciclón durante sus fases de desarrollo y madurez. Aporta evidencia técnica sobre cómo los flujos de calor latente dominan la precipitación de escala sinóptica en el frente cálido, representando el 39% de la precipitación total en la fase madura. Los experimentos muestran que sin flujos superficiales la presión central del ciclón es de 1020 hPa frente a los 996 hPa del experimento de control, lo que demuestra su impacto en la magnitud del sistema. Asimismo, describe la estructura de vientos intensos en el sector suroeste asociados a fuertes gradientes de presión, información útil para caracterizar la distribución espacial de los máximos de viento. Por último, el análisis de las tendencias de temperatura potencial equivalente de +29.4 K por día refuerza la comprensión física de la covariabilidad entre humedad y calor en el ciclo de vida del ciclón."]

["graf2017objective.pdf", "Objective classification of extratropical cyclogenesis", "El tema principal es la caracterización de la variabilidad de las condiciones de génesis de los ciclones extratropicales mediante un nuevo método de clasificación objetiva. El objetivo es identificar categorías significativas de ciclogénesis basadas en el entorno sinóptico de una gran muestra de eventos en el hemisferio norte. Para ello, se analizan 30 variables precursoras que abarcan forzamientos en niveles altos, baroclinia en niveles bajos, estabilidad termodinámica y procesos húmedos.", "El estudio aborda la falta de una investigación exhaustiva sobre la importancia relativa de diversos procesos físicos y señales precursoras para la génesis de ciclones en diferentes regiones del globo. Supera las limitaciones de las clasificaciones previas que se centraban en unos pocos parámetros preseleccionados y modelos conceptuales limitados. Además, cuantifica la naturaleza continua de los procesos de ciclogénesis, demostrando que no existen grupos o clusters aislados en la naturaleza.", "La investigación no aborda el vínculo directo entre las condiciones iniciales de génesis identificadas y la evolución futura o el ciclo de vida completo del ciclón. Tampoco incluye un análisis de la ciclogénesis en el hemisferio sur ni una diferenciación detallada por estaciones del año. Además, deja abierta la cuestión de cómo podrían variar los resultados al utilizar esquemas de seguimiento de ciclones alternativos basados en otros parámetros físicos.", "Este artículo aporta una metodología robusta de PCA y biplots para reducir la dimensionalidad de múltiples precursores, lo cual es directamente aplicable para analizar la covariabilidad entre viento y precipitación. Proporciona evidencia técnica de que los procesos húmedos (precipitación superficial y PV de niveles bajos) y el forzamiento de niveles altos son los ejes principales de variabilidad, explicando el 22.3% y 18.9% de la varianza total respectivamente. El uso de áreas circulares de 500 km para promedios espaciales y la distinción de señales extremas (med+ y med-) ofrece un marco para caracterizar los máximos de viento y precipitación. Además, la identificación de cinco clases de ciclogénesis (A seca/húmeda, B seca/húmeda y M) permite una estratificación dinámica complementaria a la propuesta por regiones de génesis. Los resultados cuantitativos muestran que la baroclinia está correlacionada con procesos húmedos pero es menos variable, mientras que el forzamiento QG de ascenso se correlaciona con ambos. Esta estructura de datos facilitaría la interpretación física de los modos EOF multivariados al vincular los máximos observados con regímenes de flujo específicos."]

["hodges2011comparison.pdf", "A Comparison of Extratropical Cyclones in Recent Reanalyses ERA-Interim, NASA MERRA, NCEP CFSR, and JRA-25", "El estudio tiene como objetivo comparar la representación de los ciclones extratropicales en cuatro reanálisis recientes para determinar su grado de incertidumbre y evaluar mejoras respecto a versiones anteriores. Se centra en identificar y analizar la distribución espacial, frecuencia e intensidad de las tormentas de escala sinóptica en ambos hemisferios durante los periodos invernales. La investigación utiliza esquemas de seguimiento de trayectorias basados en la presión al nivel del mar y la vorticidad relativa a 850 hPa para caracterizar el ciclo de vida de los ciclones.", "El artículo aborda la brecha de conocimiento sobre la consistencia y las discrepancias entre los reanálisis de alta resolución más modernos en comparación con sistemas anteriores de menor resolución. Específicamente, examina cómo las mejoras en los modelos y la asimilación de datos satelitales han reducido la incertidumbre en el Hemisferio Sur. También cuantifica las diferencias en las intensidades extremas de los ciclones que persisten a pesar del uso de observaciones similares.", "El estudio no aborda la representación de sistemas de escala más pequeña, como los mesociclones, ni analiza detalladamente los ciclones tropicales. Tampoco determina cuál de los reanálisis es el más cercano a la realidad mediante la comparación directa con observaciones independientes, dejando esta validación para trabajos futuros. Además, la investigación no profundiza en la estructura tridimensional completa ni en las propiedades físicas internas de los ciclones más allá de los diagnósticos compuestos de superficie.", "Este documento aporta evidencia técnica clave sobre la convergencia de los reanálisis de alta resolución para identificar ciclones en el Hemisferio Sur, lo cual es fundamental para el marco Lagrangiano del estudio propuesto. Proporciona datos cuantitativos que muestran que el número de coincidencias entre ERA-Interim y NCEP CFSR en el Hemisferio Sur es superior al 80%, similar a los niveles de confianza del Hemisferio Norte. El análisis de la vorticidad relativa a 850 hPa y su sensibilidad a la resolución del modelo ofrece una base estadística para estratificar ciclones por intensidad dinámica, con distribuciones de vorticidad que alcanzan picos superiores a 100 por diez a la menos cinco segundos a la menos uno en reanálisis de alta resolución. Además, el uso de diagnósticos compuestos para analizar la estructura del viento relativo al sistema y la presión al nivel del mar sustenta la metodología de caracterizar la distribución espacial de máximos dentro de los cuadrantes del ciclón. El estudio confirma que las mayores discrepancias espaciales ocurren cerca de la orografía, como en los Andes, lo que es relevante para la segmentación por regiones de génesis como SBR, LPB y ARG."]

["laurila2021characteristics.pdf", "Characteristics of extratropical cyclones and precursors to windstorms in northern Europe", "El estudio tiene como objetivo investigar la climatología, la evolución espacial y temporal, y los precursores de los ciclones extratropicales y las tormentas de viento en el norte de Europa durante el periodo 1980-2019. Se busca analizar las diferencias estacionales entre los periodos frío y cálido, además de identificar qué variables atmosféricas influyen estadísticamente en la intensidad posterior de estos sistemas. Para ello, utiliza el reanálisis ERA5 y un método novedoso de análisis de sensibilidad de conjunto para determinar los precursores más relevantes para la presión mínima y las ráfagas máximas de viento.", "El trabajo aborda la falta de estudios específicos sobre ciclones extratropicales en el norte de Europa, una región situada al final de la trayectoria de tormentas del Atlántico Norte. Examina las diferencias en las características, el origen y la evolución de las tormentas de viento en comparación con ciclones más débiles, integrando un análisis estacional completo que a menudo se omite en favor del invierno. Además, introduce el uso de análisis de sensibilidad para cuantificar la influencia de precursores como el gradiente de temperatura y la humedad en la intensidad de las tormentas en esta zona geográfica particular.", "El estudio se centra principalmente en ciclones extratropicales de gran escala, dejando abierta la investigación sobre otros sistemas meteorológicos, como tormentas eléctricas, que también generan vientos fuertes en la región. No aborda en detalle la variabilidad caso por caso debido al uso de compuestos que suavizan las diferencias individuales, ni profundiza en procesos no lineales que dominan a plazos de predicción más largos. Asimismo, las limitaciones de la resolución del reanálisis ERA5 implican que no se capturan con total precisión ráfagas de viento muy localizadas o turbulentas.", "Este artículo aporta información técnica valiosa para el estudio propuesto al demostrar que las ráfagas máximas de viento se desplazan del sector cálido a detrás del frente frío siguiendo el gradiente de presión más fuerte durante el ciclo de vida del ciclón. Proporciona evidencia cuantitativa de que el precursor más influyente es la anomalía de temperatura potencial a 850 hPa, superando a la humedad y al chorro, donde un aumento de una desviación estándar reduce la presión central en más de 13 hPa en la temporada fría. El estudio confirma que las ráfagas máximas ocurren casi simultáneamente con el mínimo de presión central, con una diferencia mediana de solo +3 horas en tormentas de viento. Además, documenta que las tormentas de la estación fría tienen escalas espaciales mayores y ráfagas más intensas, de hasta 51.6 m s'-1' frente a 38.1 m s'-1' en la estación cálida. Estos hallazgos sobre la colocalización y covariabilidad de variables refuerzan el uso de marcos Lagrangianos y técnicas de composición para caracterizar extremos dinámicos."]

["masson2022tendencias.pdf", "Tendencias regionales de los fenómenos extremos en el informe del IPCC de 2021", "El estudio describe los cambios observados y proyectados en fenómenos climáticos extremos a escala regional según el Sexto Informe de Evaluación del IPCC. Su objetivo es evaluar cómo la influencia humana afecta la frecuencia, intensidad y distribución geográfica de eventos como olas de calor, precipitaciones intensas y sequías. Además, busca proporcionar una base científica para la evaluación de riesgos y la toma de decisiones en adaptación climática.", "El trabajo aborda la falta de evidencia sobre la atribución de cambios en extremos regionales a la influencia humana que existía en evaluaciones anteriores. Mejora la comprensión física de los procesos y la conectividad entre diferentes líneas de evidencia mediante modelos climáticos más accesibles. También intenta reducir la incertidumbre sobre la frecuencia y magnitud de eventos compuestos y niveles extremos del mar.", "El informe reconoce que persiste una falta de estudios de atribución en países en desarrollo debido a la carencia de datos de observación y modelos climáticos fiables. También deja abierta la evaluación de cambios futuros en fenómenos específicos como el granizo, tormentas de hielo y tormentas fuertes, donde el nivel de confianza es bajo. Finalmente, la detección de tendencias pasadas en la frecuencia global de todos los tipos de ciclones tropicales sigue siendo limitada.", "Este documento aporta un marco contextual y comparativo esencial, ya que confirma con un nivel de confianza alto que el calentamiento global intensifica las precipitaciones máximas y las velocidades del viento en ciclones extratropicales. Específicamente, señala que por cada 1 grado Celsius de calentamiento, la capacidad de humedad atmosférica aumenta un 7 por ciento, lo que se traduce en una intensificación directa de las precipitaciones asociadas a estos sistemas. El artículo también menciona desplazamientos hacia los polos de las trayectorias de los ciclones en algunas regiones, lo cual es relevante para la estratificación por génesis (SBR, LPB, ARG) del estudio propuesto. Además, valida el uso de variables como la precipitación intensa y el viento extremo como indicadores clave que muestran cambios discernibles desde la década de 1950. Esta información permite contrastar los hallazgos del marco Lagrangiano con las proyecciones globales del IPCC para ciclones en latitudes medias. Provee también una base para interpretar los resultados de las EOF multivariadas al relacionar la co-variabilidad física con el forzamiento antropogénico documentado."]

["reboita2022from.pdf", "From a Shapiro-Keyser extratropical cyclone to the subtropical cyclone Raoni: An unusual winter synoptic situation over the South Atlantic Ocean", "El estudio tiene como objetivo describir la evolución sinóptica y los mecanismos físicos que impulsaron la transición de un ciclón extratropical tipo Shapiro-Keyser al ciclón subtropical Raoni en junio de 2021. Se busca analizar los impulsores de la ciclogénesis extratropical, la adquisición de características del modelo Shapiro-Keyser y los procesos específicos que llevaron a su transición subtropical inusual durante el invierno austral. La investigación utiliza reanálisis ERA5 y experimentos numéricos con el modelo WRF para abordar estas interrogantes.", "La investigación aborda la falta de documentación y estudios sobre transiciones subtropicales asociadas específicamente con precursores extratropicales del modelo Shapiro-Keyser en el Océano Atlántico Sur. También trata la incertidumbre en la clasificación de sistemas híbridos mediante técnicas satelitales como Dvorak frente a metodologías modernas de espacio de fase de ciclones. El estudio provee una comprensión detallada de cómo los flujos de calor turbulentos y los entornos de baja cizalladura vertical asociados a bajas segregadas favorecen estas transiciones inusuales.", "El estudio no aborda en profundidad otros mecanismos alternativos que podrían inducir el corte de la vaguada en niveles superiores, como las anomalías negativas de vorticidad potencial en la troposfera superior. Tampoco proporciona un análisis climatológico a largo plazo que determine si la frecuencia de este tipo de eventos de transición a partir de una reclusión cálida está cambiando en la región. Además, deja abierta la investigación sobre por qué volúmenes de precipitación más intensos ocurren desplazados del centro del ciclón, limitando su evolución hacia una fase puramente tropical.", "Sí, este artículo aporta evidencia técnica clave sobre la transición de un ciclón de reclusión cálida a fase subtropical, destacando que Raoni mantuvo vientos más intensos en niveles altos y un núcleo frío entre 500 y 300 hPa. Los experimentos numéricos demuestran que sin flujos de calor turbulentos (NOFLUX), el sistema es más débil, tiene un ciclo de vida corto y no desarrolla la reclusión cálida ni la transición subtropical visible en el experimento de control (CTRL). Cuantitativamente, el estudio reporta que el ciclón alcanzó una tasa de profundización de 22 hPa en 24 horas (1.33 NDR) y vientos de 10 m superiores a 16 m/s en el reanálisis ERA5. Además, se detalla que el flujo de calor total aumentó en 300 W/m2 entre el 27 y 28 de junio, alimentando la convección necesaria para fortalecer la reclusión cálida en un entorno de cizalladura vertical débil apoyado por una baja segregada."]

["schultz2021antecedents.pdf", "Antecedents for the Shapiro-Keyser Cyclone Model in the Bergen School Literature", "El estudio tiene como objetivo demostrar que varias características clave del modelo de ciclón de Shapiro-Keyser, desarrollado alrededor de 1990, ya estaban presentes en las observaciones y análisis de la Escuela de Meteorología de Bergen de principios del siglo XX. Los autores buscan establecer una genealogía histórica para este modelo moderno, identificando antecedentes 'perdidos' en la literatura clásica que precedieron su introducción formal por setenta años. El tema central es la revisión histórica de conceptos como la fractura frontal, el frente retrocedido y la seclusión de núcleo cálido dentro del pensamiento de Bergen.", "El artículo aborda la brecha de conocimiento histórica sobre los orígenes de las estructuras frontales alternativas al modelo noruego tradicional, las cuales a menudo se consideran descubrimientos modernos de finales del siglo XX. Al recuperar estos antecedentes olvidados, el estudio llena el vacío en la comprensión de cómo evolucionaron y por qué se omitieron ciertos conceptos dinámicos en los libros de texto de meteorología desde la década de 1950. También aclara que el modelo de Shapiro-Keyser no es necesariamente un reemplazo, sino una síntesis de elementos ya reconocidos anteriormente.", "El estudio no aborda el origen histórico o antecedentes del 'frontal T-bone' (la unión en ángulo recto entre frentes frío y cálido), ya que no parece haber sido una característica escrita o de interés para los meteorólogos de la Escuela de Bergen. Tampoco profundiza en las razones definitivas por las cuales estas características fueron eliminadas de los modelos conceptuales estándar en la literatura de mediados del siglo XX, planteando solo posibles hipótesis como la nostalgia por la simplicidad o inconsistencias con el modelo de oclusión. Además, deja abierta la investigación sobre archivos no publicados en Bergen que podrían contener más datos sobre estos conceptos.", "Sí, este artículo podría contribuir con una base teórica e histórica sólida para contextualizar las fases del ciclo de vida y las estructuras frontales de los ciclones extratropicales en el Atlántico Sur. El texto proporciona descripciones detalladas de la fractura frontal, el frente retrocedido ('bent-back front') y la seclusión de núcleo cálido, elementos que coinciden con las fases de intensificación y madurez mencionadas en el estudio del usuario. Ofrece evidencia cualitativa y esquemática de cómo estos frentes se envuelven alrededor del centro del ciclón, lo cual es relevante para el marco Lagrangiano y el análisis de cuadrantes propuesto. Históricamente, se menciona que el frente retrocedido puede presentar gradientes térmicos específicos, como caídas de 9.4 a 7.2 grados Celsius, proporcionando un punto de referencia para la magnitud de los máximos térmicos. Además, la discusión sobre la pérdida de baroclinidad frontal cerca del centro del ciclón (frontolisis) y la formación de seclusiones con aire de 1 a 3 grados Celsius rodeado de aire más frío (-5 a 0 grados) ofrece datos técnicos para comparar con las distribuciones de KDE y patrones de EOF del estudio. El artículo también resalta que estas estructuras son comunes en ciclones marinos de desarrollo rápido, lo que justifica la segmentación por intensidad dinámica sugerida para el Atlántico Sur. Finalmente, la distinción entre seclusiones orográficas y de núcleo cálido ayuda a refinar la interpretación de la distribución espacial de las precipitaciones y vientos en diferentes regiones de génesis."]

["sinclair2023relationship.pdf", "The relationship between extra-tropical cyclone intensity and precipitation in idealised current and future climates", "El estudio investiga la relación lineal entre la intensidad dinámica de los ciclones extratropicales, medida como vorticidad máxima a 850 hPa, y la precipitación asociada en climas actuales y futuros idealizados. El objetivo es cuantificar esta relación y determinar cómo varía según la estructura y el tipo de ciclón utilizando simulaciones de aqua-planeta con el modelo OpenIFS. Además, busca entender si el aumento proyectado de la precipitación en climas más cálidos retroalimenta la intensidad dinámica de las tormentas.", "Aborda la falta de conocimiento sobre cómo el aumento de la precipitación relacionado con el cambio climático impactará la fuerza dinámica de los ciclones extratropicales. Específicamente, explora si este impacto difiere para distintos tipos de ciclones clasificados por su estructura de precipitación mediante técnicas de agrupamiento. También llena un vacío al cuantificar la dependencia de la intensidad del ciclón respecto a la disponibilidad de humedad y el forzamiento en niveles altos en diversos escenarios de calentamiento.", "No aborda el impacto de los contrastes tierra-mar, la topografía o las variaciones estacionales, ya que utiliza configuraciones de aqua-planeta con forzamientos de radiación fijos. El estudio deja abierta la cuestión de si una mayor resolución horizontal en los modelos revelaría retroalimentaciones diabáticas más fuertes que las observadas a 80 km. Tampoco profundiza en los mecanismos físicos exactos de por qué ciertos tipos de ciclones responden de manera diferente al calentamiento global más allá de las limitaciones de humedad y forzamiento dinámico.", "Este artículo es sumamente útil ya que proporciona una base teórica y comparativa sobre la relación entre vorticidad y precipitación en ciclones estratificados, similar al marco de trabajo del estudio propuesto. Aporta evidencia cuantitativa de que los ciclones de frente frío son los más intensos en vorticidad y precipitación, mientras que los de frente cálido muestran la mayor dependencia lineal entre ambas variables con coeficientes de correlación de hasta 0.635. El uso de k-means clustering para agrupar ciclones por estructura de precipitación valida metodológicamente el uso de herramientas estadísticas como KDE y EOF para caracterizar distribuciones espaciales y magnitudes. Además, ofrece datos específicos sobre cómo el calentamiento uniforme aumenta las pendientes de regresión lineal entre vorticidad y precipitación de 0.275 a 0.331 mm(6h)-1/10-5s-1. Los hallazgos sobre la ubicación de los máximos de precipitación respecto al centro del ciclón y su relación con anomalías de PV en niveles bajos y altos complementan directamente el análisis multivariado de co-variabilidad propuesto. Finalmente, sus resultados sobre el desplazamiento de las trayectorias de las tormentas y cambios en la baroclinia bajo diferentes escenarios de SST proporcionan un contexto dinámico crucial para interpretar la distribución espacial de los máximos de viento y precipitación en el Atlántico Sur."]

["yanase2014parameter.pdf", "Parameter Spaces of Environmental Fields Responsible for Cyclone Development from Tropics to Extratropics", "Este estudio investiga la relación directa entre el desarrollo de ciclones y sus entornos ambientales para explicar la distribución bimodal geográfica de ciclones tropicales y extratropicales. El objetivo principal es cuantificar cómo los campos ambientales, como la intensidad potencial y la baroclinicidad, influyen en la actividad ciclónica desde los trópicos hasta las latitudes medias. Para lograrlo, introduce un análisis de espacio de parámetros ambientales (EPS) que separa los factores de favorabilidad ambiental y el tamaño del área que cumple con dichas condiciones.", "El estudio aborda el vacío de conocimiento sobre los mecanismos cuantitativos que suprimen la actividad ciclónica en los subtrópicos, generando la notable distribución bimodal latitudinal observada en verano y otoño. Analiza si esta inactividad se debe a cambios rápidos en los campos ambientales (escenario A) o a una alta sensibilidad de la dinámica del ciclón a cambios leves en dichos campos (escenario B). Además, evalúa la contribución de parámetros secundarios como la humedad relativa y la velocidad vertical en la definición de estas zonas de transición.", "La investigación no aborda el análisis de ciclones sobre tierra, limitándose exclusivamente a sistemas que se desarrollan sobre el océano debido a las diferencias en las condiciones de superficie. Tampoco profundiza en los mecanismos de desarrollo a escalas temporales cortas que podrían estar asociados con disturbios de niveles altos o ondas tropicales, ya que estos son filtrados. Finalmente, deja abierta la exploración de cómo el cambio climático o condiciones paleoclimáticas podrían alterar las áreas de solapamiento entre alta intensidad potencial y alta baroclinicidad.", "Este artículo aporta evidencia técnica mediante el uso de un espacio de parámetros ambientales (EPS) que permite relacionar la frecuencia de ciclones con variables dinámicas como la baroclinicidad. Proporciona una metodología para clasificar ciclones basándose en su estructura térmica (núcleo cálido o frío) y su tasa de crecimiento de vorticidad, utilizando umbrales específicos como una tasa de crecimiento superior a 0.1 día-1 y una vorticidad mayor a 5x10-5 s-1. Los resultados muestran distribuciones bimodales de frecuencia de ciclones con picos de intensidad potencial en 0 y 70 m/s, y picos de baroclinicidad en 0.1 y 0.4 día-1 para el verano del Hemisferio Sur. El estudio utiliza reanálisis JRA-25/JCDAS y ERA-Interim con resoluciones de 1.25 y 0.75 grados respectivamente para validar estas distribuciones. La técnica de 'eficiencia de ciclones' por unidad de área, definida como la razón entre frecuencia y área ambiental, permite cuantificar la sensibilidad dinámica del sistema en diferentes regiones de génesis. Estos métodos y datos climáticos globales podrían complementar el análisis lagrangiano y las herramientas estadísticas de KDE y EOF propuestos en el estudio sobre el Atlántico Sur."]

["andrade2024composite.pdf", "Composite Analysis of Explosive Cyclones in the Southern Atlantic Ocean", "El estudio tiene como objetivo identificar y caracterizar los principales atributos atmosféricos de los ciclones explosivos en el Atlántico Sur según su intensidad. Para ello, utiliza campos compuestos basados en datos de reanálisis ERA5 para el periodo 2010-2020. Se busca comprender los mecanismos dinámicos y físicos que rigen el ciclo de vida de estos sistemas, desde su ciclogénesis hasta su fase más intensa.", "La investigación aborda la falta de conocimiento sobre las características generales estandarizadas de los ciclones explosivos durante sus 24 horas de desarrollo más intenso. Específicamente, explora cómo varían las trayectorias, los movimientos verticales, el flujo en niveles altos y los flujos de calor superficial según la intensidad del sistema (débil, moderado o intenso). Proporciona una visión integral de la transición de estos sistemas entre los modelos clásicos de desarrollo ciclónico y el modelo de Shapiro-Keyser.", "El estudio no profundiza en la variabilidad estacional detallada de los forzamientos, aunque menciona que el invierno es la estación dominante. Tampoco aborda de manera explícita la influencia directa de la liberación de calor latente mediante campos directos de la reanálisis, estimando su importancia de forma indirecta. Además, deja abierta la necesidad de un análisis más extenso para explicar completamente por qué los sistemas intensos recorren distancias más cortas antes de su fase explosiva.", "Sí, este artículo aporta evidencia técnica y cuantitativa sobre la distribución espacial de vientos y flujos de calor en ciclones del Atlántico Sur que complementa el estudio propuesto. Identifica 271 casos (127 débiles, 104 moderados y 40 intensos) y detalla que los sistemas intensos presentan núcleos de viento extremo al sureste del centro, con velocidades que varían durante su transición en la corriente en chorro. Proporciona promedios cuantitativos de flujos de calor latente y sensible divididos por sectores (SW, SE, NE, NW), revelando un dipolo horizontal de calor sensible con valores significativos en el sector frío. El análisis de la velocidad vertical (omega) a 500 hPa muestra movimientos más severos en la fase inicial, localizados al sur del centro del ciclón, lo que se vincula espacialmente con las regiones de precipitación máxima. Estos hallazgos sobre la estructura radial y sectorial de vientos y forzamientos diabáticos refuerzan la caracterización Lagrangiana de los máximos de viento y precipitación buscada en el estudio mencionado."]

["crespo2020potential.pdf", "A potential vorticity perspective on cyclogenesis over centre-eastern South America", "El estudio investiga la influencia de las estructuras de vorticidad potencial (PV) en niveles altos sobre la ciclogénesis de superficie en tres regiones del centro-este de América del Sur (Argentina, Uruguay y el sureste de Brasil). Su objetivo es cuantificar la frecuencia y el impacto de los filamentos (streamers) y centros de corte (cutoffs) de PV asociados a la formación de ciclones mediante el uso de datos del reanálisis ERA-Interim. La investigación busca determinar cómo estas características atmosféricas interactúan con otros factores dinámicos, como la baroclinicidad y la corriente en chorro, durante las estaciones de verano e invierno austral.", "El trabajo aborda la falta de una climatología sistemática sobre las estructuras de PV en niveles superiores que propician la ciclogénesis específicamente en el sector este de América del Sur. Proporciona un análisis detallado de la co-ocurrencia de estos fenómenos de PV con eventos de ciclogénesis superficial, diferenciando por regiones geográficas y estacionalidad. Además, vincula estas estructuras con parámetros dinámicos clave como la tasa de crecimiento de Eady y el forzamiento cuasi-geostrófico para el ascenso.", "El estudio no aborda otras regiones de ciclogénesis dentro del continente sudamericano que están más directamente influenciadas por la cordillera de los Andes, dejando este análisis para futuras investigaciones. Tampoco examina cómo las estructuras de PV en niveles altos influyen en la intensificación posterior y el movimiento de los ciclones una vez superada la fase inicial de formación. Por lo tanto, el enfoque se limita estrictamente a la etapa de génesis sin considerar la evolución completa del ciclo de vida del sistema.", "Este artículo contribuye significativamente al estudio propuesto al proporcionar un contexto dinámico y climatológico robusto sobre los precursores de la ciclogénesis en las mismas regiones de interés (Argentina, Uruguay y SEBrazil). Ofrece evidencia técnica sobre el papel de los filamentos de PV en la generación de ascenso mediante el forzamiento QG-omega, identificando que en Argentina los streamers son más frecuentes en verano, asociados a una brecha en la corriente en chorro a 300 hPa. Cuantitativamente, señala que en Argentina la frecuencia relativa estacional de ciclogénesis es mayor en verano (27%) y que los streamers de PV a 320 K son indicadores cruciales de la ruptura de ondas de Rossby que favorecen la ciclogénesis. Para Uruguay, muestra que los factores de forzamiento son más fuertes en invierno, con anomalías de presión a nivel del mar (SLP) de hasta -6 hPa cerca de la génesis. En el sureste de Brasil, destaca que la estructura es más barotrópica en verano y baroclínica en invierno, requiriendo niveles isentrópicos distintos (340-360 K frente a 320 K) para un análisis significativo. Estas caracterizaciones regionales de intensidad dinámica, basadas en la vorticidad relativa y la inclinación vertical de los sistemas, complementan directamente el marco Lagrangiano y el análisis de EOF propuesto para estudiar la variabilidad de los ciclones."]

["dalanhese2023new.pdf", "A new climatology of South American extratropical cyclogenesis with an intercomparison among ERA5, JRA55 and the Brazilian Navy", "El tema principal es la climatología y variabilidad de la ciclogénesis extratropical en América del Sur, distinguiendo entre los sistemas que se originan al este de los Andes y los que se forman cerca de la costa atlántica. El objetivo es caracterizar los mecanismos que impulsan estas formaciones mediante la comparación de datos de reanálisis modernos con registros observacionales de la Marina de Brasil. El estudio busca identificar patrones de circulación atmosférica y oceánica a gran escala asociados con la frecuencia de estos eventos.", "La investigación aborda la falta de diferenciación detallada entre la ciclogénesis de sotavento y la costera, un vacío derivado históricamente de la escasez de datos meteorológicos de alta resolución en el hemisferio sur. También profundiza en cómo las variaciones en los orígenes de las tormentas impactan su comportamiento posterior y su relación con modos de variabilidad climática. Además, utiliza registros no públicos de la Marina de Brasil para validar y mejorar la detección de sistemas pequeños y poco profundos que suelen omitirse en esquemas automáticos.", "El estudio deja abierta la necesidad de realizar investigaciones adicionales enfocadas específicamente en la relación potencial entre los índices AMO y AMM con la génesis de ciclones extratropicales en el Atlántico Sur. Aunque se sugiere una relación basada en los patrones de temperatura superficial del mar, se requiere más trabajo para confirmar estos vínculos de teleconexión. Asimismo, menciona que se justifica un estudio más profundo sobre cómo el cambio climático podría impulsar cambios en la variabilidad natural de estos sistemas.", "Sí, este artículo aporta información técnica valiosa al caracterizar la variabilidad interanual y los mecanismos dinámicos de la ciclogénesis en regiones clave como el Río de la Plata y la costa argentina. Proporciona evidencia cuantitativa sobre las velocidades de desplazamiento, que oscilan generalmente entre 20 y 50 km/h, y las frecuencias anuales promedio identificadas por ERA5 (38 eventos) y JRA55 (48 eventos). El estudio utiliza el balance de vorticidad para demostrar que la ciclogénesis de sotavento es impulsada por el estiramiento de vórtice debido a la topografía de los Andes, mientras que la costera depende tanto del estiramiento como de la advección de vorticidad. Además, documenta un balancín de baja frecuencia entre la ciclogénesis de sotavento y costera con una correlación interanual de -0.6. Los mapas de correlación muestran que la ciclogénesis costera se intensifica con anomalías cálidas en el Pacífico, mientras que la de sotavento es más común bajo condiciones de La Niña con anomalías negativas de temperatura superficial del mar. Estos detalles técnicos sobre la ubicación de la génesis y los umbrales de presión de 1010 hPa complementan el análisis lagrangiano propuesto en la consulta."]

["dejesus2021multimodel.pdf", "Multi-model climate projections of the main cyclogenesis hot-spots and associated winds over the eastern coast of South America", "El estudio tiene como objetivo comprender los aspectos regionales de las tendencias climáticas futuras de los ciclones en el este de América del Sur a través de conjuntos multimodelo. Se enfoca específicamente en caracterizar la habilidad de los modelos para representar la climatología actual y proyectar cambios futuros en la génesis, trayectoria y vientos asociados a ciclones intensos en tres puntos críticos de ciclogénesis (RG1, RG2 y RG3). El fin último es proporcionar información crucial para la preparación de la población y la creación de planes de mitigación ante el cambio climático en la región.", "La investigación aborda la escasez de estudios sobre cambios futuros en el campo de viento asociado a ciclones extratropicales y tendencias en puntos críticos específicos del Hemisferio Sur. Supera las limitaciones de estudios previos que analizaban proyecciones a escala hemisférica o de cuencas oceánicas sin un enfoque regional detallado. Además, presenta por primera vez las tendencias futuras de los vientos relacionados con la ciclogénesis intensa en un clima más cálido para el este de América del Sur utilizando un enfoque de reducción de escala dinámica.", "El estudio no aborda el análisis detallado de tipos específicos de ciclones, como los ciclones explosivos (bombas) o los ciclones subtropicales, en las proyecciones de cambio climático. Tampoco profundiza en la caracterización de la precipitación asociada a estos sistemas, centrándose primordialmente en la frecuencia y los campos de viento en niveles bajos y altos. Además, deja abierta la necesidad de futuras investigaciones que utilicen modelos de mayor resolución para capturar mejor los procesos adiabáticos y de pequeña escala.", "Sí, este artículo aporta evidencia técnica clave al validar que los modelos RegCM4 capturan mejor la estructura de vientos intensos en RG1 y RG2 que los GCM, con errores menores y correlaciones más altas en la frecuencia de ciclones. Proporciona umbrales cuantitativos específicos de intensidad dinámica basados en el percentil 25 de la vorticidad relativa inicial, situándolos en -2.68 para RG1, -3.34 para RG2 y -3.63 para RG3 en las simulaciones RegCM4s. El estudio documenta una intensificación proyectada de los vientos en niveles bajos (1000 hPa) de hasta 1.5 m s-1 cerca de la costa sureste de Brasil para finales del siglo XXI. También identifica un desplazamiento hacia el sur del chorro polar en niveles altos (300 hPa) vinculado a una respuesta barotrópica al calentamiento global. Estos datos sobre la magnitud de los vientos y la estratificación por regiones de génesis y niveles atmosféricos complementan directamente el marco Lagrangiano y los análisis de EOF propuestos en el nuevo estudio."]

["gan1991surface.pdf", "Surface Cyclogenesis over South America", "El tema principal del estudio es la climatología de la ciclogénesis de superficie en Sudamérica durante un periodo de diez años. Su objetivo es determinar las preferencias estacionales e interanuales de estos fenómenos y explorar las características atmosféricas responsables de dichas variaciones. Además, busca verificar las discrepancias observadas en estudios previos sobre la temporada de mayor actividad ciclónica en la región.", "El estudio aborda la falta de investigaciones climáticas a largo plazo sobre la ciclogénesis específicamente en la región sudamericana, utilizando diez años de datos de cartas de superficie. Resuelve la contradicción entre estudios anteriores sobre si el verano o el invierno es la estación con mayor frecuencia de ciclogénesis. También vincula la variación interanual de la ciclogénesis con el índice de la Oscilación del Sur y las anomalías de precipitación.", "El estudio deja abierta la necesidad de realizar investigaciones teóricas y numéricas adicionales para explicar detalladamente los mecanismos físicos de formación y la ubicación específica de los centros de alta frecuencia. Aunque propone la inestabilidad baroclínica local y el efecto de sotavento de los Andes como causas posibles, no profundiza en su modelado. Tampoco aborda detalladamente la estructura tridimensional dinámica interna de los ciclones durante su ciclo de vida.", "Este artículo aporta datos fundamentales sobre las regiones de génesis en Sudamérica, identificando centros clave en Uruguay y el Golfo de San Matías que coinciden con las regiones SBR y ARG del estudio propuesto. Proporciona una base estadística sólida de 1091 casos analizados mediante cartas de superficie, lo que complementa el enfoque lagrangiano centrado en el ciclón. El documento detalla la variabilidad estacional e interanual, ofreciendo un contexto histórico de la frecuencia máxima en invierno (mayo) y mínima en verano (diciembre). Además, presenta evidencia técnica sobre la estabilidad estática y el número de Richardson en las regiones de ciclogénesis, lo cual es relevante para la estratificación por intensidad dinámica. La relación establecida entre los años de El Niño, el aumento de la ciclogénesis y las anomalías de lluvia apoya el análisis de precipitación extrema del nuevo estudio. Finalmente, la identificación de las direcciones predominantes de movimiento (sudeste y este) es crucial para entender la evolución espacial en el ciclo de vida de los ciclones."]

["gramcianinov2019properties.pdf", "The properties and genesis environments of South Atlantic cyclones", "El tema principal es la creación de una nueva climatología de los ciclones del Atlántico Sur utilizando datos de reanálisis modernos para identificar regiones de ciclogénesis y sus precursores. El objetivo es proporcionar nuevas perspectivas sobre las condiciones atmosféricas y oceánicas que conducen a la formación de estos sistemas en diferentes latitudes. El estudio busca detallar los mecanismos de forzamiento específicos y las estructuras de los ciclones intensos según su región de origen.", "El estudio aborda la falta de una visión climatológica detallada de los mecanismos de forzamiento que actúan sobre los ciclones en todo el Océano Atlántico Sur, ya que trabajos previos se limitaban principalmente al continente sudamericano o a estudios de casos individuales. También resuelve discrepancias previas sobre la ubicación y número de regiones de ciclogénesis al emplear algoritmos de seguimiento basados en la vorticidad relativa. Proporciona una caracterización regional específica de los precursores dinámicos y termodinámicos en niveles bajos y altos.", "La investigación no profundiza en cómo el cambio climático afectará específicamente el comportamiento futuro de estos ciclones, dejando este análisis para trabajos posteriores con modelos climáticos. Tampoco realiza una distinción explícita entre ciclones extratropicales y subtropicales en sus procesos de composición, lo que podría mezclar diferentes dinámicas de desarrollo. Además, deja abierta la exploración detallada de la variabilidad interanual y de largo plazo influenciada por modos climáticos de gran escala.", "Este artículo es altamente relevante ya que proporciona la base climatológica y dinámica de las mismas tres regiones de ciclogénesis (SE-BR, LA PLATA como LPB, y ARG) que el estudio propuesto pretende estratificar. Aporta datos cuantitativos clave, como una intensidad media de vorticidad inicial de -2.8 en verano y -3.4 x 10^-5 s^-1 en invierno, esenciales para definir los umbrales de intensidad dinámica. Detalla mecanismos específicos de co-variabilidad, como el transporte de humedad que domina al norte de 35 S en verano frente a la baroclinidad dominante en invierno, lo cual sustenta el análisis de MEOF buscado. Asimismo, sus hallazgos sobre la velocidad de desplazamiento (promedios de 14.4 a 15.7 m s^-1) y la duración de los sistemas facilitan la configuración del marco Lagrangiano centrado en el ciclón."]

["gramcianinov2023impact.pdf", "Impact of extratropical cyclone intensity and speed on the extreme wave trends in the Atlantic Ocean", "El estudio investiga la relación entre los ciclones extratropicales y las olas extremas en el Océano Atlántico, analizando su distribución y características climatológicas durante los últimos 42 años. Su objetivo principal es determinar cómo la intensidad y la velocidad de desplazamiento de estos sistemas atmosféricos influyen en las tendencias de ocurrencia de eventos de oleaje extremo. Para ello, utiliza un enfoque lagrangiano basado en el seguimiento de ciclones y su asociación directa con regiones de olas que superan ciertos umbrales percentiles.", "La investigación aborda la dificultad de explicar las tendencias del oleaje únicamente a través de cambios en el viento local o la ubicación de las trayectorias de las tormentas. Específicamente, llena el vacío sobre cómo la velocidad de desplazamiento del ciclón modula la generación de olas extremas al alterar el tiempo de interacción del viento con la superficie oceánica. También proporciona un vínculo directo y automatizado entre las características individuales de los ciclones y los eventos de olas extremas resultantes.", "El estudio no determina si las señales de cambio observadas son producto del cambio climático antropogénico o de oscilaciones atmosféricas multidecadales como la NAO o la AMO. Tampoco aborda detalladamente el impacto de los sistemas de oleaje remoto o 'swell' que no están vinculados directamente a ciclones locales, ya que estos fueron excluidos del análisis principal. Además, deja abierta la exploración de estas relaciones en otros cuencas oceánicas fuera del Atlántico Norte y Sur.", "Este artículo puede contribuir significativamente al estudio propuesto al proporcionar una metodología validada para asociar ciclones con máximos de variables físicas mediante un marco lagrangiano. El presente trabajo demuestra que los ciclones asociados con olas extremas son más intensos, con vientos de 10m superiores a la climatología, y generalmente más lentos, con velocidades de desplazamiento menores. Ofrece evidencia cuantitativa sobre la distribución espacial de estos máximos en cuadrantes relativos al centro del ciclón, identificando que la mayoría de los eventos ocurren en los sectores sur y suroeste en el Atlántico Norte, y oeste o noroeste en el Atlántico Sur. Además, el análisis de las fases del ciclo de vida revela que en etapas maduras los ciclones presentan estructuras más estables y campos de viento persistentes que favorecen valores extremos. Estos hallazgos técnicos sobre la co-ubicación de vientos intensos y la estratificación por intensidad dinámica refuerzan directamente los objetivos de caracterización espacial y magnitud planteados en la nueva investigación."]

["gramcianinov2024early.pdf", "Early-Stage Extratropical Cyclones' Mechanisms Over South America: RCM Added Value and Future Changes in a Warmer Planet", "El estudio evalúa el desempeño de los modelos climáticos regionales (RCM) frente a los globales (GCM) en la representación de ciclogénesis en Sudamérica y proyecta cambios futuros bajo el escenario RCP8.5. Su objetivo principal es investigar las variaciones en la estructura de los ciclones en sus etapas iniciales y el valor añadido por los RCM en la simulación de procesos de mesoescala. El análisis se centra en tres regiones clave: Argentina, la Cuenca del Plata y la costa sur-sureste de Brasil.", "La investigación aborda la falta de consenso sobre la capacidad de los RCM para mejorar la representación de las características atmosféricas asociadas directamente a los ciclones en Sudamérica. También explora las incertidumbres actuales respecto a los mecanismos conductores de los cambios futuros en la distribución de la ciclogénesis, como el flujo de humedad y la advección térmica. Se enfoca específicamente en la fase inicial de los sistemas, un periodo crítico por su cercanía a la costa y su impacto socioeconómico.", "El estudio no aborda en profundidad la evolución completa del ciclo de vida del ciclón más allá de las primeras 12 horas después de su formación. Tampoco profundiza en el análisis individual de cada miembro del ensamble, priorizando resultados promediados para resumir las señales climáticas. Finalmente, deja abierta la investigación sobre el valor añadido de los modelos CMIP6 de alta resolución en comparación con los RCM actuales del programa CORDEX.", "Este artículo aporta evidencia técnica sobre la estructura sinóptica y la magnitud de vientos y flujos en las etapas iniciales de los ciclones, lo cual complementa el análisis de máximos del estudio propuesto. Documenta que los RCM reducen los sesgos de frecuencia en aproximadamente un 10% y mejoran la representación de estructuras de mesoescala como la advección cálida/fría y la convergencia de flujo de humedad en comparación con los GCM. Proporciona distribuciones de probabilidad de la velocidad máxima del viento a 10 metros, mostrando que los RCM tienden a sobreestimar intensidades mientras que los GCM las subestiman respecto a ERA5. Además, analiza cambios en la divergencia en niveles altos (200 hPa) y el flujo de humedad en niveles bajos (850 hPa), permitiendo correlacionar dinámicamente la ubicación de los centros de los ciclones con los patrones de anomalías espaciales que el otro estudio busca identificar mediante EOF."]

["hoskins2005new.pdf", "A New Perspective on Southern Hemisphere Storm Tracks", "El estudio proporciona una visión detallada de las trayectorias de las tormentas en el Hemisferio Sur utilizando datos de reanálisis ERA-40 de 45 años. Su objetivo es ofrecer una nueva perspectiva sobre estas trayectorias mediante la aplicación de técnicas modernas de seguimiento de características y varianza filtrada en la troposfera superior e inferior. Se analizan las cuatro estaciones, con especial énfasis en el invierno, para identificar sistemas móviles que duren más de dos días.", "El artículo aborda la comprensión de la estructura geográfica y la variabilidad estacional de las trayectorias de tormentas, superando las limitaciones de estudios previos basados en datos limitados. Explora la relación entre las trayectorias de chorro subtropical y polar, así como la influencia de la topografía de los Andes en la ciclogénesis y anticiclogénesis. Además, proporciona información sobre el ciclo de vida de los ciclones, incluyendo su génesis, lisis y tasas de crecimiento en diferentes regiones.", "El estudio ignora las complejidades de la división del año en estaciones meteorológicas derivadas del desfase en la respuesta de la temperatura y la fuerte oscilación semianual en el Hemisferio Sur. No aborda detalladamente los mecanismos físicos específicos detrás de las distribuciones de ciclogénesis y anticiclogénesis asociadas a la topografía. Asimismo, excluye del análisis estadístico los sistemas de mesoescala de vida corta y los sistemas que no son móviles.", "Este artículo puede contribuir significativamente al estudio propuesto al proporcionar una climatología detallada de la génesis y lisis de ciclones en regiones clave como el sur de Brasil, la cuenca del Río de la Plata y Argentina. Ofrece evidencia técnica sobre la intensidad de los sistemas medida a través de la vorticidad relativa en 850, 500 y 250 hPa, lo cual complementa la estratificación por intensidad dinámica requerida. El documento identifica tasas de crecimiento promedio para ciclones en el Atlántico e Índico de aproximadamente 0.5 por día, mientras que en el Pacífico es de 0.35 por día. Además, documenta velocidades promedio de sistemas en el Océano Índico occidental de unos 18 m/s y cerca de 14 m/s en otras regiones. La descripción de la estructura vertical de los sistemas mediante el análisis de 500 hPa y 850 hPa sobre los Andes permite entender el acoplamiento dinámico mencionado en el marco Lagrangiano. El estudio también reporta que el 75 por ciento de los eventos de génesis en niveles bajos en la región de los Andes están asociados con características ciclónicas preexistentes en la troposfera media."]

["inatsu2004zonal.pdf", "The Zonal Asymmetry of the Southern Hemisphere Winter Storm Track", "El estudio investiga mediante experimentos con un modelo de circulación general atmosférica cómo la asimetría zonal en la trayectoria de tormentas del Hemisferio Sur durante el invierno es forzada por la temperatura de la superficie del mar (SST) y la orografía. El objetivo principal es cuantificar en qué medida los forzamientos tropicales, de latitudes medias y polares crean esta asimetría zonal. Se analizan específicamente los efectos de las SST tropicales y de latitudes medias, así como la influencia de la meseta sudafricana y los Andes.", "El trabajo aborda la brecha de conocimiento sobre la comprensión teórica incompleta de las asimetrías zonales en la trayectoria de tormentas del Hemisferio Sur en invierno. Específicamente, explora la conexión entre las ondas estacionarias excitadas por la SST tropical y la estructura de la trayectoria de tormentas en la troposfera superior. También examina cómo los gradientes locales de SST en latitudes medias y la ciclogénesis orográfica modifican la intensidad de estas trayectorias en la troposfera inferior.", "El estudio no aborda el efecto de la Antártida por separado, basándose en investigaciones previas que sugieren que su impacto es despreciable lejos del continente. Tampoco analiza en profundidad la trayectoria secundaria de tormentas observada en el Pacífico oriental, ya que el modelo utilizado no la representó con suficiente precisión para realizar deducciones. Además, la investigación se concentra exclusivamente en el invierno austral, dejando fuera las variaciones estacionales del verano donde la asimetría zonal es menor.", "Este artículo aporta información técnica clave al confirmar que la orografía de Sudamérica y Sudáfrica incrementa la intensidad de la trayectoria de tormentas aguas abajo mediante procesos de ciclogénesis. Proporciona evidencia cuantitativa al mostrar que la eliminación de la asimetría de la SST en latitudes medias reduce considerablemente la magnitud máxima de la trayectoria en la troposfera inferior, asociada a gradientes de SST en el Océano Índico occidental que son tres veces mayores que los del este de Nueva Zelanda. Los resultados demuestran que la ciclogénesis a sotavento de los Andes es fundamental para el inicio de la trayectoria principal de tormentas en el Atlántico. Además, el análisis de la función de corriente y el flujo de actividad de ondas a 200 hPa identifica al Océano Índico como una fuente de ondas de Rossby que modula los máximos de energía cinética de los remolinos. El texto también resalta la importancia de la baroclinicidad aumentada en el lado occidental de Sudáfrica para alimentar el desarrollo de remolinos baroclínicos. Estos hallazgos validan el uso de marcos Lagrangianos y técnicas estadísticas para estratificar ciclones por región de génesis y fase del ciclo de vida como se propone en el estudio de referencia."]

["machado2020influence.pdf", "Influence of El Niño-Southern Oscillation on baroclinic instability and storm tracks in the Southern Hemisphere", "Este estudio evalúa el impacto del fenómeno El Niño-Oscilación del Sur (ENOS) sobre la inestabilidad baroclínica y las trayectorias de tormentas en el Hemisferio Sur. El objetivo principal es investigar la climatología estacional de estas trayectorias utilizando métodos eulerianos como la tasa de crecimiento de Eady, la energía cinética y el transporte meridional de calor. Se busca determinar cómo las fases de El Niño y La Niña modifican la intensidad y posición preferencial de los ciclones extratropicales.", "La investigación aborda la falta de estudios detallados sobre la inestabilidad baroclínica y las trayectorias de tormentas específicamente en el Hemisferio Sur bajo la influencia del ENOS. Integra un enfoque euleriano para complementar los estudios previos basados en métodos lagrangianos que no se centraron en la inestabilidad baroclínica. Además, utiliza dos conjuntos de reanálisis de alta resolución, ERA-Interim y CFSR, para validar la consistencia de los patrones de actividad ciclónica identificados.", "El estudio no profundiza en cómo los resultados obtenidos podrían transformarse debido al cambio climático antropogénico a largo plazo. Tampoco detalla la influencia específica de otros modos de variabilidad climática, como el Dipolo del Océano Índico o la Oscilación Antártica, de manera exhaustiva en relación con cada evento individual de ENOS. Asimismo, deja abierta la necesidad de recalcular estas trayectorias utilizando versiones más recientes de reanálisis con resoluciones espaciales superiores, como ERA5.", "Este artículo proporciona evidencia técnica clave sobre la variabilidad estacional de la inestabilidad baroclínica y la energía cinética, variables fundamentales para caracterizar la magnitud de los vientos y la distribución espacial de ciclones. Los datos muestran que durante El Niño los ciclones son más intensos y se desplazan hacia latitudes bajas entre 50 y 55 grados sur en el verano austral, con anomalías de energía cinética que superan los 5 m2/s2 en ciertas regiones. El texto detalla que los valores más altos de inestabilidad baroclínica se localizan entre los 20 y 60 grados sur, especialmente cerca de las regiones ciclogenéticas de América del Sur durante el invierno. Se reporta un transporte meridional de calor máximo entre los 50 y 60 grados sur en el invierno austral, alcanzando picos de intensidad que el reanálisis CFSR subestima significativamente. Estas cuantificaciones de la tasa de crecimiento de Eady y la energía cinética ofrecen un marco comparativo directo para el análisis estadístico mediante KDE y EOF propuesto en el nuevo estudio. La distinción entre tipos de El Niño (Clásico, Modoki y Mixto) y sus diferentes respuestas en la energía cinética aporta una base específica para estratificar ciclones por intensidad dinámica."]

["marrafon2022classificacao.pdf", "CLASSIFICAÇÃO DOS TIPOS DE CICLONES SOBRE O OCEANO ATLÂNTICO SUL EM PROJEÇÕES COM O RegCM4 E MCGS", "El estudio tiene como objetivo clasificar los diversos tipos de ciclones en el Océano Atlántico Sur utilizando proyecciones de modelos climáticos regionales y globales bajo el escenario RCP8.5. Busca identificar específicamente ciclones extratropicales, subtropicales, tropicales y aquellos que experimentan una transición tropical (TT) durante su ciclo de vida. El análisis abarca el clima presente (1979-2005) y periodos futuros hasta el año 2080 para describir sus climatologías y tendencias.", "La investigación aborda la falta de una clasificación detallada y automatizada de los diferentes tipos de ciclones y sus transiciones en proyecciones climáticas para el Atlántico Sur. Específicamente, llena el vacío sobre la frecuencia y distribución futura de las transiciones tropicales, un fenómeno poco documentado en esta región en comparación con el Atlántico Norte. También valida un algoritmo automatizado basado en el espacio de fase de los ciclones para mejorar la precisión en la identificación de sistemas híbridos.", "El estudio no analiza detalladamente la dinámica física interna que explica la distribución espacial específica de los casos de transición tropical identificados por los diferentes modelos. Deja abierta la necesidad de aplicar esta metodología a modelos de mayor resolución, como los del proyecto CMIP6, para dar mayor soporte a los hallazgos obtenidos. Además, no profundiza en las causas de la superestimación de la frecuencia de ciclones tropogales por parte de los modelos climáticos utilizados.", "Este documento aporta una metodología validada basada en el espacio de fase de los ciclones (CPS) para distinguir estructuras térmicas, lo cual es complementario al enfoque lagrangiano del estudio propuesto. Proporciona datos sobre la reducción proyectada de ciclones extratropicales, con tendencias de -2,9 a -4,4 sistemas por década en modelos globales para fines de siglo. Ofrece evidencia de que las transiciones tropicales ocurren mayormente con temperaturas de superficie del mar cercanas a 24,8 grados Celsius y presentan simetría térmica con parámetros B menores a 10 metros. Los resultados muestran que tanto en el clima presente como en el futuro, la frecuencia de transiciones tropicales se mantiene estable en aproximadamente 2,8 sistemas por década. Finalmente, el estudio identifica que la mayor variabilidad en los parámetros de viento térmico ocurre en las 18 horas previas a la transición."]

["mendes2010climatology.pdf", "Climatology of extratropical cyclones over the South American-southern oceans sector", "El tema principal es la climatología de los ciclones extratropicales en el sector de América del Sur y los océanos australes utilizando un enfoque Lagrangiano. El objetivo es analizar la distribución espacial de la ciclogénesis y sus trayectorias, caracterizando eventos según su intensidad, vida media y distancia recorrida. Además, el estudio investiga la variabilidad interanual de esta actividad ciclónica y su posible vinculación con la Oscilación Antártica.", "El estudio aborda la falta de consenso en investigaciones previas sobre las áreas de mayor actividad ciclogenética y sus frecuencias estacionales en el Hemisferio Sur. Supera las limitaciones de trabajos anteriores que utilizaban periodos de datos cortos o inspección visual manual mediante el uso de un algoritmo de seguimiento automático y una base de datos de 25 años. También llena el vacío de conocimiento sobre cómo la Oscilación Antártica modula la posición e intensidad de estos sistemas en el sector sudamericano.", "El estudio no aborda la relación detallada entre los ciclones y las variables de precipitación o vientos máximos en niveles específicos de 10m y 100m. Tampoco realiza un análisis estratificado por fases específicas del ciclo de vida del ciclón, como la fase de madurez o decaimiento, de forma individualizada para la precipitación. Además, deja abierta la exploración de los modos acoplados de co-variabilidad espacial entre viento y precipitación mediante herramientas estadísticas avanzadas como los EOF multivariados.", "Este artículo puede contribuir significativamente al proporcionar una base climatológica sólida y validada sobre las regiones de génesis, como el sur de Brasil y Argentina, que coinciden con las zonas SBR, LPB y ARG del estudio propuesto. Aporta evidencia cuantitativa sobre la vida media típica de 3.0 a 3.5 días y distancias medias de viaje de hasta 1,553 km en invierno, lo que ayuda a contextualizar el marco Lagrangiano. Sus hallazgos sobre la intensidad máxima de profundización, especialmente la mayor frecuencia de sistemas explosivos en invierno, ofrecen un punto de comparación para la estratificación por intensidad dinámica basada en la vorticidad relativa. Los mapas de densidad de ciclones y las trayectorias obtenidas mediante el análisis de conglomerados k-means proporcionan una referencia espacial para validar la distribución de los máximos de viento y precipitación. El artículo documenta que los impactos de la Oscilación Antártica en la posición de los ciclones ocurren alrededor de los 40 grados sur, mientras que en la intensidad se detectan cerca de los 55 grados sur. Estos datos técnicos sobre la ubicación y severidad de las tormentas son fundamentales para caracterizar la magnitud de los fenómenos extremos en el Atlántico Sur."]

["priestley2022improved.pdf", "Improved Representation of Extratropical Cyclone Structure in HighResMIP Models", "El estudio evalúa cómo los modelos de la fase 6 del Proyecto de Intercomparación de Modelos Acoplados (CMIP6) y HighResMIP representan la estructura y circulación de los ciclones extratropicales. El objetivo principal es cuantificar las mejoras que aporta el aumento de la resolución atmosférica en la simulación de las velocidades del viento y las corrientes de aire asociadas a estos sistemas. Se utilizan compuestos centrados en el ciclón para comparar los resultados de los modelos con el reanálisis ERA5 en ambos hemisferios y estaciones.", "El estudio aborda la necesidad de realizar una evaluación sistemática y multimodelo de las velocidades del viento en los ciclones extratropicales, considerando diversas corrientes de aire en ambos hemisferios. Supera las limitaciones de investigaciones previas que a menudo se centraban en modelos individuales o regiones geográficas específicas. Además, llena el vacío de conocimiento sobre el impacto directo de la resolución de los modelos de nueva generación en la intensidad y estructura a pequeña escala de estos fenómenos.", "La investigación deja abierta la cuestión de qué procesos físicos específicos asociados con la mayor resolución son los que impulsan las mejoras observadas en los modelos HighResMIP. Tampoco resuelve las deficiencias en la representación de las interacciones entre la estratosfera y la troposfera, sugiriendo que el aumento de la resolución horizontal por sí solo no es suficiente. Adicionalmente, señala que persisten sesgos en las características de gran escala, como la estructura del chorro en niveles altos y el giro anticiclónico del flujo, que no se corrigen con la resolución actual.", "Este artículo es altamente relevante ya que proporciona una base comparativa sobre cómo los modelos de alta resolución representan la estructura dinámica de los ciclones, lo cual complementa la caracterización espacial y de magnitud del viento que busca el estudio propuesto. Los resultados muestran que los modelos CMIP6 subestiman las velocidades del viento en el chorro de niveles bajos en más de 2 m s'-1' y presentan presiones centrales demasiado altas, con un mínimo de 970.1 hPa frente a los 968.3 hPa de ERA5. El uso de KDE para analizar la magnitud máxima del viento y su distancia al centro del ciclón coincide metodológicamente con las herramientas estadísticas planteadas en la descripción del usuario. Específicamente, el artículo demuestra que los modelos HighResMIP capturan mejor los cúmulos de intensidad y distancia del viento observados en ERA5, reduciendo sesgos en las corrientes de aire ascendentes y descendentes. Los hallazgos sobre la estructura del viento en niveles de 850 hPa y 250 hPa ofrecen datos técnicos para validar los modos de co-variabilidad que se extraerán mediante EOF multivariado. Finalmente, la evidencia de que los sesgos de gran escala persisten independientemente de la resolución sugiere que el estudio del usuario debe considerar factores dinámicos más allá de la intensidad local al estratificar los ciclones por su región de génesis en el Atlántico Sur."]

["reboita2010south.pdf", "South Atlantic Ocean cyclogenesis climatology simulated by regional climate model (RegCM3)", "El objetivo principal del estudio es evaluar la capacidad del modelo climático regional RegCM3 para simular la climatología de ciclogénesis en el Océano Atlántico Sur entre 1990 y 1999. Para ello, utiliza un esquema de seguimiento automático basado en la vorticidad relativa a 10 metros de altura, comparando los resultados con los reanálisis del NCEP/DOE. El análisis se centra en la frecuencia anual, estacional y mensual, así como en la distribución geográfica y las características medias de los sistemas.", "El estudio aborda la necesidad de evaluar el desempeño de los modelos climáticos regionales (RCM) en la simulación de sistemas ciclónicos extratropicales en América del Sur, un área menos explorada que otras regiones. Específicamente, valida la habilidad del RegCM3 para reproducir la distribución espacial y la variabilidad interanual de la ciclogénesis en el Atlántico Sur. También investiga cómo la intensidad inicial de los sistemas influye en la caracterización de su ciclo anual y densidad geográfica.", "Aunque el estudio identifica deficiencias del modelo en la simulación de vaguadas de niveles medios-altos y el transporte de humedad en niveles bajos, no profundiza en las causas dinámicas detalladas de estos errores. Tampoco aborda el impacto del cambio climático futuro sobre estas trayectorias, limitándose a la validación del clima presente. Además, deja abierta la caracterización detallada de la estructura interna de los ciclones, como la distribución espacial de los máximos de viento y precipitación en un marco lagrangiano.", "El artículo aporta información técnica clave al confirmar la ubicación de las tres regiones principales de ciclogénesis (SBR, LPB, ARG) que el estudio propuesto utiliza para su estratificación. Proporciona una validación estadística del modelo RegCM3, señalando una subestimación del -9.5 por ciento en sistemas intensos con vorticidad menor o igual a -2.5 x 10 a la menos 5 por segundo. Define parámetros promedio esenciales como la duración de 2.7 días y la velocidad media de 10.5 metros por segundo, útiles para contextualizar la fase del ciclo de vida de los ciclones. El uso de un umbral de vorticidad relativa para identificar sistemas coincide con la métrica de intensidad dinámica propuesta. Finalmente, sus hallazgos sobre la estacionalidad en regiones específicas, como el máximo de verano en la costa de Brasil, sirven de base para comparar la magnitud de los máximos de viento y precipitación."]

["reboita2018extratropical.pdf", "Extratropical cyclones over the southwestern South Atlantic Ocean: HadGEM2-ES and RegCM4 projections", "El estudio tiene como objetivo evaluar las características principales de la climatología de ciclones extratropicales en el Océano Atlántico Sur proyectadas por el modelo regional RegCM4 anidado en el MCG HadGEM2-ES bajo el escenario RCP8.5. Se busca validar las simulaciones actuales con reanálisis para discutir el valor agregado del escalamiento dinámico y proyectar cambios futuros en la frecuencia y precipitación asociada. El análisis se centra en tres periodos de tiempo: presente, futuro cercano y futuro lejano.", "La investigación aborda la falta de estudios sobre la contribución climatológica de los ciclones a la precipitación anual en la región del Océano Atlántico Sur. También aborda la necesidad de evaluar la capacidad de los modelos climáticos regionales para representar áreas ciclogenéticas específicas frente a los modelos globales. Además, llena el vacío sobre cómo el calentamiento global afectará la frecuencia y las características físicas de estos sistemas en dicha zona.", "El estudio no profundiza en el análisis detallado de eventos extremos de precipitación individuales ni en si estos ciclones futuros serán más intensos que sus análogos actuales. Tampoco explora proyecciones forzadas con otros modelos de circulación general distintos al HadGEM2-ES para evaluar la incertidumbre entre modelos. Asimismo, deja abierta la investigación sobre la partición de impactos entre cambios en ciclones individuales frente a cambios en la frecuencia general.", "Este artículo aporta evidencia técnica fundamental al cuantificar que los ciclones contribuyen hasta con un 80-90 por ciento de la precipitación anual cerca de los 40 grados sur y 40 grados oeste. Proporciona datos específicos sobre el desplazamiento hacia el polo de los gradientes de temperatura superficial del mar y el fortalecimiento del chorro subtropical en el futuro lejano. El texto documenta una disminución proyectada en la frecuencia anual de ciclones de hasta un 11.4 por ciento en RegCM4 para finales de siglo bajo el escenario RCP8.5. Además, identifica tres regiones ciclogenéticas clave en la costa este de América del Sur que coinciden con las zonas SBR, LPB y ARG mencionadas en el marco del estudio propuesto. Los resultados muestran que aunque la frecuencia disminuye, la intensidad media y la vida media de los sistemas, que oscila entre 2.1 y 2.5 días, permanecen estables. Finalmente, el trabajo ofrece una base comparativa sobre la distribución espacial de la densidad ciclogenética que es crucial para validar el enfoque lagrangiano de la nueva investigación."]

["rocha2016estudo.pdf", "Estudo de Ciclones e de Padrões de Circulação Atmosférica no Oceano Atlântico Sul Próximo à Costa das Regiões Sul e Sudeste do Brasil Usando Dados da Reanálise do Era-Interim", "El tema principal es el estudio de los ciclones y los patrones de circulación atmosférica asociados en el Océano Atlántico Sur, específicamente cerca de las costas del sur y sureste de Brasil. El objetivo es caracterizar estos sistemas meteorológicos mediante un método de identificación objetiva y el análisis de compuestos de variables meteorológicas entre 2003 y 2013. Se busca mejorar el pronóstico del tiempo y el perfeccionamiento de modelos numéricos para minimizar pérdidas socioeconómicas.", "El estudio aborda la necesidad de contar con criterios objetivos para identificar y rastrear ciclones en una región específica del Atlántico Sur que impacta directamente a Brasil. Proporciona una caracterización climatológica detallada de los patrones de circulación en diferentes niveles de la atmósfera que favorecen la ciclogénesis en esta área. Además, analiza la variabilidad estacional y la relación de estos sistemas con fenómenos como la Alta de Bolivia y el Vaguada del Noreste.", "La investigación no aborda de manera concluyente los impactos directos de los fenómenos del ENOS (El Niño-Oscilación del Sur) sobre las ciclogénesis en el área limitada y el período de tiempo estudiados. También deja abierta la aplicación operativa de la metodología desarrollada para mejorar los pronósticos numéricos estacionales. Finalmente, el estudio sugiere la necesidad de futuras investigaciones para analizar la habilidad de los modelos de previsión mediante índices de acierto en la detección de estos sistemas.", "Este artículo contribuye significativamente al estudio propuesto al proporcionar una metodología objetiva probada para la detección de ciclones basada en un umbral de presión inferior a 1015 hPa y un gradiente medio de 0.4 hPa/100 km en un área de 5x5 grados. Ofrece evidencia cuantitativa sobre la frecuencia de estos sistemas, identificando un promedio de 17 casos por temporada (octubre-abril) con una duración media de 1.7 días. Aporta datos técnicos sobre la estructura vertical necesaria para la ciclogénesis, como la convergencia en 850 hPa y la presencia de vaguadas en 500 hPa asociadas a anomalías de vorticidad negativa de hasta -10x10^-5 s^-1. El análisis de compuestos revela que anomalías positivas del viento zonal en 250 hPa y la difluencia en altos niveles son precursores críticos. Además, el estudio de caso del desastre en Río de Janeiro en 2011 valida la capacidad del método para identificar sistemas vinculados a precipitaciones extremas de hasta 180 mm. Esta información técnica y estadística sobre la ubicación, intensidad y patrones de anomalías es fundamental para el marco lagrangiano y los análisis de EOF planteados en el nuevo estudio."]

["simmonds1999southern.pdf", "Southern Extratropical Cyclone Behavior in ECMWF Analyses during the FROST Special Observing Periods", "El tema principal es el comportamiento de los ciclones extratropicales en el Hemisferio Sur durante tres periodos de observacion especial del proyecto FROST utilizando analisis operativos del ECMWF. El objetivo es documentar la distribucion geografica de la densidad de ciclones asi como las regiones de formacion y disipacion mediante un algoritmo de seguimiento objetivo. El estudio tambien busca determinar si estos periodos especificos son tipicos de sus respectivas estaciones climaticas.", "Este estudio aborda la discrepancia entre las climatologias tempranas que situaban la mayor actividad ciclogenetica de invierno en los 40-50 grados sur y los hallazgos recientes que identifican a la costa antartica como una region altamente activa. Utiliza analisis de alta resolucion y datos adicionales recolectados durante FROST para validar la realidad de la ciclogenesis costera. Tambien relaciona las anomalias regionales en el comportamiento de los ciclones con las anomalias observadas en la presion a nivel del mar.", "El estudio no aborda la caracterizacion detallada de variables especificas como la precipitacion maxima o la distribucion espacial del viento a diferentes alturas (10m y 100m) asociadas a los ciclones. Tampoco profundiza en el acoplamiento multivariado entre el viento y la precipitacion a lo largo del ciclo de vida del ciclon mediante tecnicas como EOF multivariado. Ademas, el analisis se limita a periodos cortos de un mes, dejando abierta la cuestion de la representatividad climatica a largo plazo de estos eventos especificos.", "Si, este articulo aporta evidencia sobre la distribucion espacial y la magnitud de los sistemas ciclonicos en el Atlantico Sur y regiones adyacentes, lo que complementa la caracterizacion lagrangiana propuesta. Proporciona datos especificos sobre la densidad de ciclogenesis en regiones como la cuenca del Rio de la Plata (LPB) y la costa argentina (ARG), mencionando por ejemplo una alta actividad ciclogenetica cerca de los 110 grados este y en la zona de la Peninsula. El trabajo detalla el uso de un esquema objetivo para identificar depresiones abiertas y cerradas basado en el laplaciano de la presion, con umbrales de intensidad de 0.7 hPa por grado de latitud al cuadrado para sistemas fuertes. Ademas, reporta anomalias de presion que excedieron los 10 hPa en ciertas regiones durante los SOPs, lo cual influye directamente en la magnitud de los maximos de viento y precipitacion. Los mapas de densidad de ciclogenesis y ciclolisis presentados permiten validar las fases del ciclo de vida (incipiente y decaimiento) en el marco de referencia del ciclon. Por ultimo, el analisis de la baroclinicidad costera y las tasas de crecimiento de Eady de 850-700 hPa ofrece una base dinamica para segmentar ciclones por intensidad extrema."]

["simmonds2000mean.pdf", "Mean Southern Hemisphere Extratropical Cyclone Behavior in the 40-Year NCEP-NCAR Reanalysis", "El tema principal es la presentación de una nueva climatología de ciclones extratropicales en el Hemisferio Sur utilizando datos de reanálisis de NCEP-NCAR de 40 años. El objetivo es documentar el comportamiento promedio de estos sistemas, incluyendo su densidad, génesis, lisis, intensidad y duración, empleando un esquema de seguimiento automático sofisticado. Este estudio busca proporcionar una caracterización más precisa y representativa del comportamiento de los ciclones en comparación con compilaciones previas.", "El estudio aborda la necesidad de una climatología de ciclones de largo plazo y consistente temporalmente en el Hemisferio Sur, superando las limitaciones de estudios previos basados en periodos cortos o análisis operativos de calidad variable. Utiliza datos de alta resolución temporal (6 horas) que disminuyen la incertidumbre en el seguimiento de los ciclones. Además, introduce medidas de intensidad como la 'profundidad' del ciclón para mitigar sesgos en la evaluación de su impacto en la circulación.", "El estudio no aborda en detalle la variabilidad interanual o las tendencias a largo plazo de las características de los ciclones, remitiendo este análisis a un trabajo complementario. Tampoco profundiza en la estructura interna de los ciclones, como la distribución espacial de la precipitación o vientos máximos dentro de los sistemas, centrándose en estadísticas agregadas y trayectorias. Además, deja abierta la influencia completa de la falta de datos satelitales en la primera década del reanálisis sobre los océanos del sur.", "Este artículo es sumamente útil ya que proporciona el contexto climatológico de base y la metodología de seguimiento necesaria para caracterizar ciclones en el Hemisferio Sur. El esquema de seguimiento de la Universidad de Melbourne permite identificar fases del ciclo de vida y regiones de génesis como la costa de Argentina, que coinciden con las zonas de interés (SBR, LPB, ARG) del estudio propuesto. Aporta evidencia técnica sobre la densidad de sistemas que supera 6x10^-3 ciclones (deg lat)^-2 en latitudes altas y una duración promedio de 3 días. Define la intensidad mediante el Laplaciano de la presión central y la profundidad (D), lo cual complementa el uso de la vorticidad relativa a 850 hPa como métrica dinámica. Los datos muestran que la mayor actividad de génesis ocurre al sur de 45°S, con longitudes de trayectoria invernales de 2315 km. Finalmente, sustenta la importancia de los ciclones en el transporte de calor y humedad, aunque no detalle la precipitación máxima por evento."]

["simmonds2000size.pdf", "Size Changes over the Life of Sea Level Cyclones in the NCEP Reanalysis", "El tema principal del estudio es el cambio en el tamaño de los ciclones extratropicales a nivel del mar a lo largo de su ciclo de vida. El objetivo central es determinar en qué medida el radio de estos sistemas aumenta a medida que se desarrollan y alcanzan la madurez en diversas regiones geográficas de ambos hemisferios. Para ello, utiliza los reanálisis de NCEP/NCAR de un periodo de cuatro décadas y un algoritmo de seguimiento automático de ciclones.", "El estudio aborda el vacío de conocimiento sobre la generalidad de los cambios de escala en los ciclones, ya que investigaciones previas se centraban en dominios temporales o espaciales limitados, como el invierno del Hemisferio Norte. Proporciona una perspectiva global al considerar ambos hemisferios, diferentes estaciones (invierno y verano) y distintas bandas latitudinales. Además, valida la impresión subjetiva de que los sistemas de baja presión crecen con el tiempo mediante un análisis estadístico robusto de 40 años de datos.", "El estudio no aborda el comportamiento de sistemas de pequeña escala como los bajos polares, debido a que la resolución de los reanálisis utilizados es demasiado gruesa para capturarlos. Tampoco profundiza en los mecanismos físicos específicos, como el calentamiento diabático, que mantienen las trayectorias de las tormentas, limitándose a mencionar que estos podrían diferir entre hemisferios. Finalmente, deja abierta la cuestión de cómo diferentes definiciones métricas del 'radio' podrían influir en la comparación precisa entre diversos estudios regionales.", "Este artículo aporta información técnica relevante para caracterizar el ciclo de vida y la magnitud de los ciclones extratropicales, especialmente en el Hemisferio Sur. Proporciona evidencia cuantitativa de que el radio de los ciclones aumenta aproximadamente un 33% en 4 días para sistemas con una vida superior a 3 días en el Hemisferio Norte. En el Hemisferio Sur, muestra que los sistemas son generalmente más grandes, alcanzando su escala máxima alrededor del sexto día en invierno y el octavo día en verano. Los datos presentados sobre la evolución de la intensidad (\u22072p) y la profundidad (D) complementan el análisis de la magnitud dinámica propuesta en el nuevo estudio. Además, el uso de bandas latitudinales (30-50S y 50-70S) y la estratificación por duración de vida coinciden con el enfoque de fases y regiones del estudio del Atlántico Sur. El hallazgo de que los ciclones de vida larga alcanzan radios máximos mayores ofrece una base estadística para segmentar los casos por intensidad dinámica. Finalmente, la comparación estacional entre invierno y verano en el Hemisferio Sur permite contextualizar la variabilidad de los máximos de viento y precipitación que el nuevo estudio busca caracterizar."]

["simmonds2000variability.pdf", "Variability of Southern Hemisphere Extratropical Cyclone Behavior, 1958-97", "El estudio investiga la variabilidad y las tendencias de los ciclones extratropicales en el Hemisferio Sur durante el periodo 1958-97 utilizando reanálisis de NCEP. Su objetivo es documentar cambios en la densidad, radio, profundidad e intensidad de estos sistemas para comprender mejor los mecanismos de variabilidad climática natural. Además, busca vincular estas variaciones con fenómenos como el calentamiento global y la oscilación semianual.", "El trabajo aborda la falta de registros confiables a largo plazo sobre la actividad ciclónica en el Hemisferio Sur al emplear un esquema de seguimiento automático aplicado a datos de reanálisis consistentes. Provee evidencia sobre la tendencia a la disminución en el número de ciclones mientras que el tamaño y la profundidad de los mismos aumentan, resolviendo la aparente contradicción con la baja presión a nivel del mar. También clarifica la relación entre la variabilidad interanual de ciclones en latitudes medias y altas, identificando un modo de compensación similar al modo de alta latitud.", "El estudio no analiza detalladamente las causas físicas detrás de ciertos aumentos localizados de densidad ciclónica detectados en la costa antártica, dejando abierta la posibilidad de que se deban a cambios en la especificación del hielo marino o datos de estaciones meteorológicas automáticas. Tampoco explora profundamente la influencia de la Oscilación del Sur en la variabilidad de los ciclones ni los mecanismos fundamentales de forzamiento a gran escala más allá de la oscilación semianual. Finalmente, la investigación reconoce que el periodo de 40 años limita la capacidad de evaluar periodicidades climáticas de mayor escala temporal.", "Sí, este artículo aporta información técnica y cuantitativa valiosa para caracterizar la climatología de fondo sobre la cual se desarrollan los ciclones extratropicales. Documenta una disminución significativa en el número de ciclones de 30 a 70 grados S, con una tasa de -0.84 sistemas por análisis por década y una reducción total cercana al 10 por ciento desde 1970. Proporciona evidencia de que el radio promedio de los sistemas ha crecido aproximadamente un 5 por ciento, pasando de 5.5 a 5.8 grados de latitud, lo que influye directamente en su profundidad y distribución espacial. El estudio detalla tendencias regionales específicas, como el aumento de intensidad medido por el Laplaciano en el Mar de Tasmania y disminuciones en el Pacífico oriental. Estos datos de tendencias en radio, intensidad y densidad de trayectorias permiten contextualizar los análisis de EOF y KDE propuestos en el estudio del usuario sobre la magnitud de máximos de viento y precipitación. Además, la identificación del modo de alta latitud con una correlación negativa de -0.32 entre cambios anuales de 30-50 grados S y 50-70 grados S fundamenta la estratificación por regiones de génesis y fases del ciclo de vida."]

["sinclair1994objective.pdf", "An Objective Cyclone Climatology for the Southern Hemisphere", "El estudio tiene como objetivo desarrollar y aplicar un método objetivo para derivar una climatología de centros de vorticidad ciclónica en el Hemisferio Sur basándose en análisis del ECMWF de 1980 a 1986. La investigación busca determinar la distribución espacial y temporal de estos sistemas, así como su movimiento, tasas de profundización y ubicaciones preferenciales de génesis y lisis. Además, el trabajo se propone resolver las discrepancias entre las estadísticas tradicionales basadas en mínimos de presión y las derivadas de datos satelitales o estadísticas de remolinos.", "El estudio aborda el sesgo de las climatologías tradicionales que favorecen a los ciclones más lentos o intensos y omiten numerosos centros de vorticidad móviles en latitudes medias donde no existen mínimos de presión cerrados. También corrige la sobreestimación de centros ciclónicos en regiones continentales y antárticas causada por bajas térmicas estacionales y efectos orográficos que no representan sistemas meteorológicos migratorios. Al utilizar la vorticidad relativa geostrófica en lugar de la presión, permite identificar ciclones en etapas más tempranas de su ciclo de vida.", "El estudio no aborda en profundidad la caracterización de variables meteorológicas asociadas como la precipitación o los campos de viento específicos en diferentes cuadrantes del ciclón. Tampoco explora la estructura tridimensional de los sistemas al basarse principalmente en análisis de 1000 hPa, dejando para trabajos futuros el uso de niveles superiores para eliminar perturbaciones topográficas superficiales. Finalmente, el documento menciona que queda pendiente una investigación más detallada sobre las ubicaciones preferenciales de génesis y lisis utilizando una base de datos más extensa.", "Sí, este artículo puede contribuir significativamente al estudio propuesto al proporcionar una metodología probada para el seguimiento de ciclones basada en centros de vorticidad, lo cual es fundamental para el enfoque lagrangiano sugerido. El trabajo de Sinclair demuestra que el uso de la vorticidad relativa geostrófica identifica ciclones en fases incipientes que los criterios de presión mínima omiten, permitiendo una estratificación más precisa por fases del ciclo de vida. Aporta evidencia cuantitativa sobre la densidad de trayectorias en el Atlántico Sur, mostrando un máximo de actividad cerca de los 50 grados S durante todo el año. Además, ofrece técnicas para filtrar sistemas orográficos estacionarios mediante pruebas de movilidad de al menos 10 grados de latitud, asegurando que el análisis se centre en disturbios migratorios reales. El estudio también identifica una mayor frecuencia de ciclones intensos con vorticidad menor a -15 por 10 a la menos 5 s-1 en el Atlántico Sur durante el invierno. Estos criterios de intensidad y movilidad son directamente aplicables para segmentar los ciclones dinámicamente extremos requeridos en la nueva investigación."]

["sinclair1995climatology.pdf", "A Climatology of Cyclogenesis for the Southern Hemisphere", "El tema principal es el estudio climatológico de las características del ciclo de vida de los ciclones en el Hemisferio Sur. El objetivo es identificar las regiones geográficas donde los ciclones se forman, se intensifican, maduran y decaen, utilizando un conjunto de datos de siete años de análisis del ECMWF. Además, busca establecer la primera encuesta objetiva de ciclones que se intensifican rápidamente en esta región.", "El estudio aborda la falta de investigaciones detalladas sobre los cambios de intensidad, como la ciclogénesis y ciclólisis, en el Hemisferio Sur en comparación con el Hemisferio Norte. También corrige discrepancias metodológicas de estudios previos que situaban erróneamente el máximo de formación de ciclones cerca de la Antártida al usar la presión central mínima en lugar de la vorticidad geostrófica. Al emplear vorticidad, logra detectar sistemas móviles y débiles que antes pasaban desapercibidos.", "El artículo deja abierta la cuestión del impacto detallado de factores no incluidos en la teoría baroclínica lineal seca, como las variaciones regionales en el transporte de humedad y la liberación de calor latente. Asimismo, reconoce que la calidad de los análisis numéricos en los océanos australes, aunque ha mejorado, aún no es perfecta y presenta incertidumbres para estudios de caso muy detallados. Tampoco profundiza en los mecanismos físicos específicos a mesoescala debido a la resolución gruesa de la rejilla utilizada.", "Sí, este artículo aporta evidencia técnica fundamental al demostrar que la vorticidad geostrófica a 1000 hPa es un indicador de intensidad más fiable que la presión central, la cual suele fallar debido al movimiento del ciclón hacia campos de presión de fondo más bajos. Proporciona criterios cuantitativos específicos para estratificar el ciclo de vida, definiendo la ciclogénesis mediante tendencias de vorticidad menores a -2 x 10^-5 s^-1 por día y la madurez como el punto de máxima vorticidad ciclónica. Además, documenta que la ciclogénesis explosiva ocurre preferentemente al este de América del Sur a unos 35°S y en el Océano Índico a 45°S, coincidiendo con regiones de fuertes gradientes de temperatura superficial del mar y corrientes en chorro. Sus hallazgos estadísticos sobre la distribución no gaussiana de las tasas de intensificación, con asimetrías de hasta -0.4 y curtosis de 4.5, refuerzan el uso de herramientas como KDE y EOF mencionadas en el estudio propuesto para analizar la co-variabilidad. El artículo también valida el uso de un umbral de vorticidad de -5 x 10^-5 s^-1 para separar perturbaciones incipientes de ciclones desarrollados, proporcionando una base sólida para la segmentación por intensidad dinámica. Finalmente, la identificación de regiones de génesis preferenciales como la costa argentina y leeward de los Andes sustenta directamente la estratificación geográfica (SBR, LPB, ARG) planteada."]

["sinclair1997objective.pdf", "Objective Identification of Cyclones and Their Circulation Intensity, and Climatology", "El estudio presenta un procedimiento actualizado para la identificación y el seguimiento objetivo de ciclones de superficie a partir de análisis en rejilla, introduciendo una medida de intensidad basada en la circulación de área. Su objetivo principal es resolver sesgos introducidos por la resolución de la rejilla y demostrar las limitaciones de usar la presión central o la vorticidad puntual para determinar la fuerza de un ciclón. Además, busca proporcionar una climatología comparativa de ciclones de invierno en ambos hemisferios utilizando estos métodos automatizados.", "El trabajo aborda la discrepancia entre las climatologías manuales y las automáticas, la cual suele deberse a diferencias en los procedimientos de conteo y detección. Resuelve el sesgo geográfico en el Hemisferio Sur donde los ciclones móviles a menudo no se detectan como mínimos de presión debido al gradiente de fondo. También soluciona la dependencia de la escala de las medidas de vorticidad y presión mediante un suavizado espacial de radio constante antes de la identificación.", "El estudio no profundiza en la variabilidad intrínseca de las trayectorias de las tormentas ni en los cambios detallados de la calidad de los análisis y la cobertura de datos a lo largo del tiempo. Deja abierta una interpretación física más exhaustiva de los resultados climatológicos para futuras investigaciones. Asimismo, reconoce que la interpretación de los cambios en la circulación sigue siendo compleja cuando se forman nuevos centros secundarios dentro de un sistema.", "Sí, este artículo aporta una base metodológica fundamental para el estudio propuesto al validar el uso de la vorticidad del viento gradiente en lugar de la presión central para identificar ciclones, lo cual es central en el marco Lagrangiano descrito. Provee una técnica específica para delimitar dominios de circulación mediante la búsqueda radial del punto donde la vorticidad es cero o cambia de signo, permitiendo clasificar ciclones por intensidad dinámica más allá de valores puntuales. El paper demuestra cuantitativamente que el uso de la vorticidad del viento gradiente reduce el error cuadrático medio (rms) a 0.76 CVU en comparación con los 1.0 CVU de la vorticidad geostrófica en entornos ciclónicos. Además, establece criterios objetivos para definir las fases del ciclo de vida (génesis, desarrollo, madurez y decaimiento) basados en variaciones de circulación y vorticidad, lo cual coincide con la estratificación requerida por el nuevo estudio. La evidencia técnica de que los ciclones en fase de intensificación poseen una estructura interna más cerrada que los sistemas maduros apoya directamente el análisis de co-variabilidad espacial mediante EOF. Finalmente, la validación de estadísticas de densidad de trayectorias frente a métodos manuales asegura la robustez del análisis estadístico planeado para el Atlántico Sur."]

["vera2002cold.pdf", "Cold Season Synoptic-Scale Waves over Subtropical South America", "El estudio identifica los patrones de ondas de escala sinóptica más activos en Sudamérica subtropical durante el invierno austral y diagnostica físicamente su evolución mediante métodos de composición. Su objetivo principal es proporcionar un diagnóstico a gran escala de estos sistemas, con énfasis en las perturbaciones ciclónicas y su papel en la generación de precipitaciones en el sureste del continente. Se analizan los cambios en la estructura tridimensional de las ondas al cruzar los Andes y los procesos que favorecen la intensificación de los ciclones en niveles bajos.", "El trabajo aborda la falta de estudios estadísticos que describan las características dinámicas medias de los ciclones subtropicales y su contribución específica a la precipitación invernal en la región. También profundiza en la comprensión de los cambios en la estructura tridimensional de las perturbaciones anticiclónicas al pasar sobre Sudamérica, un área previamente poco entendida. Utiliza técnicas de funciones ortogonales empíricas extendidas (EEOF) para superar las limitaciones de los estudios de casos individuales previos.", "El estudio no aborda en profundidad el grado en que los flujos de calor sensible y latente en la baja troposfera actúan como combustible para la ciclogénesis frente a la costa sureste de Sudamérica. Se deja abierta la necesidad de futuros estudios de procesos para confirmar la naturaleza de la interacción aire-mar sobre el Atlántico sudoccidental y su impacto en la ciclogénesis oceánica. Tampoco se enfoca en el modo subpolar de variabilidad, el cual fue delegado a investigaciones previas.", "Este artículo es altamente pertinente para el estudio propuesto porque proporciona un marco dinámico y estadístico de la evolución de ciclones en la región de interés, identificando fases de vida que coinciden con la estratificación planteada. Aporta evidencia técnica sobre la intensificación de ciclones en niveles bajos, señalando que en el 60 por ciento de los casos ocurre un fortalecimiento frente a la costa con caídas de altura de 1000 hPa de hasta 50 m en 2 días. El uso de EEOF para identificar modos dominantes complementa el uso de EOF univariantes y multivariantes del nuevo estudio para extraer modos de co-variabilidad. Proporciona mapas de composición de flujo de humedad y precipitación acumulada que explica más del 60 por ciento de la lluvia invernal en el noreste de Argentina, sirviendo como base comparativa para las herramientas de KDE propuestas. Además, detalla cómo la liberación de calor latente a 500 hPa contribuye a la intensificación ciclónica, ofreciendo un sustento físico para el análisis de los máximos de viento y precipitación en el marco lagrangiano. Finalmente, documenta la transición estructural de las ondas de barotrópicas equivalentes a baroclínicas al cruzar los Andes, lo cual es crítico para caracterizar la distribución espacial de los máximos de viento en las fases incipiente y de madurez."]

["bjerknes1922life.pdf", "Life Cycle of Cyclones and the Polar Front Theory of Atmospheric Circulation", "El estudio describe el ciclo de vida de los ciclones extratropicales basándose en la interacción de masas de aire frías y cálidas separadas por una superficie de discontinuidad denominada frente polar. Su objetivo es establecer un modelo conceptual que explique la formación, el desarrollo, la oclusión y la disipación de estas tormentas, vinculándolas con la circulación general atmosférica. Se busca proporcionar reglas prácticas para el pronóstico meteorológico basadas en la estructura térmica y la evolución de la energía cinética del sistema.", "Aborda la falta de comprensión sobre la estructura interna y la evolución temporal de los ciclones, introduciendo el concepto de oclusión como la fase final del desarrollo donde el sector cálido es elevado. Explica cómo la energía potencial se transforma en cinética durante las fases iniciales y cómo la oclusión marca el inicio de la disipación de la tormenta. Además, conecta la formación de familias de ciclones con las ondas en el frente polar y la compensación de los contrastes térmicos globales.", "No aborda un análisis cuantitativo o estadístico detallado de la distribución espacial de variables específicas como el viento a diferentes alturas (10m o 100m) o los máximos de precipitación mediante herramientas modernas de análisis lagrangiano. Tampoco profundiza en la caracterización dinámica basada en la vorticidad relativa a niveles específicos como 850 hPa para segmentar la intensidad. Deja abierta la descripción de las características específicas de los ciclones en el Hemisferio Sur, centrando su evidencia casi exclusivamente en el Atlántico Norte y Europa.", "Este trabajo proporciona la base conceptual fundamental para estratificar los ciclones por fases del ciclo de vida, lo cual es esencial para el estudio propuesto sobre el Atlántico Sur. Bjerknes define ocho etapas que van desde la formación de una onda en la superficie fronteriza (Fig. 2a-b) hasta la formación de un vórtice frío homogéneo tras la oclusión (Fig. 2f-h). El artículo establece la relación física entre la estructura del sector cálido y la generación de lluvia frontal, lo que justifica el uso de MEOF para analizar la co-ubicación de viento y precipitación. Específicamente, señala que la mayor intensidad y profundización ocurren antes de la oclusión (fases c-d), proporcionando un marco teórico para interpretar los resultados de las herramientas estadísticas como 1D y 2D KDE. La teoría del frente polar permite entender por qué los máximos de precipitación y viento se distribuyen asimétricamente en los cuadrantes del ciclón. Finalmente, ofrece una base para comparar la dinámica de los ciclones según su región de génesis al discutir cómo las cadenas montañosas y los contrastes térmicos influyen en la formación de ciclones secundarios."]

["miranda2026patterns.pdf", "Meteoceanographic Patterns Associated with Severe Coastal Storms Along the Southern Coast of Brazil", "El estudio tiene como objetivo determinar los patrones atmosféricos y oceánicos vinculados a eventos de tormentas costeras de alto impacto en la costa de Rio Grande do Sul, Brasil. Para ello, cuantifica estos eventos en una serie histórica de 20 años (2001-2020), identifica sus configuraciones sinópticas dominantes y evalúa sus efectos en la operatividad del Puerto de Rio Grande. El propósito final es proporcionar una base climatológica que mejore las alertas tempranas, la seguridad en la navegación y la gestión de riesgos costeros.", "La investigación aborda la falta de una evaluación integrada que combine forzamientos atmosféricos a escala sinóptica con la respuesta del oleaje y sus impactos operativos específicos en el canal de navegación de Rio Grande. A diferencia de estudios previos que se centraron en casos individuales o parámetros aislados, este trabajo utiliza un análisis a largo plazo con campos compuestos, anomalías y técnicas de Funciones Ortogonales Empíricas (EOF). Esto permite identificar los patrones espaciales dominantes que rigen las tormentas costeras extremas en el Atlántico sudoccidental.", "El estudio no aborda procesos costeros complejos que ocurren a escalas espaciales menores a la resolución del reanálisis ERA5 de 31 km, lo que puede subestimar valores extremos cerca de la costa. Tampoco resuelve la falta de datos observacionales in situ de largo plazo para la validación directa de los campos de oleaje y atmósfera durante eventos extremos. Además, deja abierta la necesidad de cuantificar con mayor detalle las consecuencias socioeconómicas de estos eventos en otras regiones costeras.", "Este artículo puede contribuir significativamente al estudio propuesto al proporcionar una caracterización detallada de los patrones sinópticos que generan oleaje energético, lo cual complementa el enfoque Lagrangiano centrado en el ciclón. Los resultados muestran que el modo dominante de variabilidad es un sistema de baja presión centrado entre 40 y 45 grados S, explicando entre el 56 por ciento y el 61 por ciento de la varianza en otoño e invierno. El estudio identifica 51 tormentas de alto impacto donde las alturas significativas de ola superaron los 4 m, proporcionando umbrales cuantitativos para eventos extremos. Además, el análisis EOF de la presión al nivel del mar y de la altura de ola permite comparar los modos de variabilidad acoplados con los resultados del MEOF sugerido en el nuevo estudio. La identificación de corredores de viento con rachas de hasta 37 kt y olas máximas de hasta 6.6 m ofrece evidencia técnica sobre la magnitud de los máximos asociados a estos ciclones. Finalmente, la estratificación estacional presentada (invierno 19 eventos, otoño 15, primavera 12 y verano 5) es directamente aplicable para validar las fases del ciclo de vida y la génesis de los ciclones extratropicales analizados."]
